ID,Bill_For,Issue_Date,Due_Date,Total,Status,Action
45697,Platinum Subscription Plan,14 Jun 2021,19 May 2021,$858.65,Cancelled,-
45143,Platinum Subscription Plan,16 Jul 2020,09 Dec 2021,$502.50,Cancelled,-
45722,Platinum Subscription Plan,26 Jan 2021,15 Nov 2021,$389.90,Cancelled,-
45309,Flexible Subscription Plan,14 Jan 2022,27 Nov 2021,$391.42,Due,-
45057,Flexible Subscription Plan,17 Feb 2021,17 Aug 2021,$721.64,Cancelled,-
45368,Flexible Subscription Plan,09 Sep 2021,10 Feb 2022,$799.59,Due,-
45564,Gold Subscription Plan,25 Aug 2021,26 Nov 2021,$664.86,Cancelled,-
45516,Flexible Subscription Plan,19 Jan 2021,21 Jun 2021,$850.90,Paid,-
45971,Gold Subscription Plan,19 Jul 2020,21 Apr 2021,$341.16,Due,-
45579,Flexible Subscription Plan,27 Jul 2020,11 Jan 2022,$911.41,Cancelled,-
45153,Flexible Subscription Plan,23 Jun 2021,17 May 2021,$423.98,Cancelled,-
45807,Platinum Subscription Plan,14 Aug 2021,21 Apr 2021,$446.81,Cancelled,-
45324,Platinum Subscription Plan,03 Feb 2022,13 Dec 2021,$829.70,Paid,-
45306,Platinum Subscription Plan,30 Jul 2021,14 Jan 2022,$529.61,Due,-
45198,Gold Subscription Plan,23 Nov 2021,09 Aug 2021,$264.26,Paid,-
45348,Flexible Subscription Plan,16 Nov 2021,21 Sep 2021,$365.45,Cancelled,-
45273,Platinum Subscription Plan,26 Jul 2020,27 Jun 2021,$219.42,Cancelled,-
45272,Gold Subscription Plan,04 Feb 2022,11 Jan 2021,$917.26,Cancelled,-
45556,Platinum Subscription Plan,06 Apr 2021,01 Nov 2021,$556.77,Cancelled,-
45624,Flexible Subscription Plan,03 Nov 2020,04 Jan 2021,$914.88,Paid,-
45732,Platinum Subscription Plan,20 May 2021,24 Aug 2021,$879.84,Paid,-
45218,Gold Subscription Plan,15 Apr 2020,08 Feb 2021,$245.38,Paid,-
45789,Flexible Subscription Plan,02 Jan 2021,27 Dec 2021,$840.67,Cancelled,-
45133,Flexible Subscription Plan,19 Jul 2021,13 Sep 2021,$340.36,Paid,-
45061,Platinum Subscription Plan,29 Dec 2020,28 Jan 2021,$958.25,Due,-
45883,Flexible Subscription Plan,20 Aug 2021,13 Feb 2022,$371.58,Cancelled,-
45282,Gold Subscription Plan,23 Mar 2021,15 Dec 2021,$809.27,Paid,-
45275,Platinum Subscription Plan,17 Jul 2020,20 Mar 2021,$894.20,Cancelled,-
45774,Flexible Subscription Plan,27 Sep 2020,24 Jan 2021,$855.86,Due,-
45219,Platinum Subscription Plan,15 Feb 2021,24 Sep 2021,$559.18,Paid,-
45097,Gold Subscription Plan,07 Apr 2021,22 Sep 2021,$723.07,Paid,-
45517,Gold Subscription Plan,01 Jan 2021,23 Sep 2021,$371.87,Paid,-
45711,Gold Subscription Plan,29 Nov 2020,13 Feb 2022,$419.11,Cancelled,-
45728,Gold Subscription Plan,28 May 2021,01 Feb 2022,$382.22,Cancelled,-
45593,Flexible Subscription Plan,12 Jul 2020,11 Feb 2022,$285.67,Paid,-
45063,Gold Subscription Plan,02 Nov 2021,14 Jan 2021,$831.93,Due,-
45921,Platinum Subscription Plan,07 May 2021,23 Jun 2021,$570.94,Due,-
45719,Flexible Subscription Plan,04 Oct 2021,11 May 2021,$854.36,Paid,-
45043,Platinum Subscription Plan,12 Jan 2021,13 Mar 2021,$219.41,Due,-
45667,Gold Subscription Plan,11 Dec 2021,06 Oct 2021,$517.98,Cancelled,-
45253,Gold Subscription Plan,18 Aug 2020,19 Nov 2021,$716.92,Due,-
45953,Gold Subscription Plan,12 Jul 2021,21 Apr 2021,$813.10,Paid,-
45583,Flexible Subscription Plan,26 Nov 2021,10 Nov 2021,$653.38,Paid,-
45903,Gold Subscription Plan,08 Dec 2020,21 Nov 2021,$981.72,Due,-
45184,Platinum Subscription Plan,17 Apr 2020,12 Jun 2021,$224.10,Due,-
45736,Platinum Subscription Plan,31 Oct 2020,14 Oct 2021,$369.07,Cancelled,-
45897,Platinum Subscription Plan,21 Mar 2021,05 Mar 2021,$230.93,Due,-
45242,Platinum Subscription Plan,28 Sep 2020,11 Feb 2022,$251.13,Paid,-
45647,Platinum Subscription Plan,23 Nov 2020,10 Oct 2021,$976.69,Paid,-
45481,Gold Subscription Plan,19 Jan 2020,30 Mar 2021,$886.29,Cancelled,-
45425,Gold Subscription Plan,27 Oct 2021,21 Aug 2021,$845.87,Paid,-
45620,Platinum Subscription Plan,22 Sep 2021,01 Dec 2021,$508.68,Due,-
45694,Platinum Subscription Plan,28 May 2020,25 Oct 2021,$566.81,Cancelled,-
45305,Flexible Subscription Plan,21 Oct 2021,14 May 2021,$290.84,Cancelled,-
45797,Platinum Subscription Plan,27 Sep 2020,01 Aug 2021,$676.32,Due,-
45623,Gold Subscription Plan,23 May 2021,16 Jan 2022,$233.26,Paid,-
45190,Gold Subscription Plan,22 Jan 2020,16 Sep 2021,$202.25,Due,-
45966,Gold Subscription Plan,09 Oct 2020,12 Feb 2021,$665.33,Cancelled,-
45411,Flexible Subscription Plan,21 Dec 2020,26 Jan 2022,$676.72,Paid,-
45319,Platinum Subscription Plan,19 Jul 2020,21 Jun 2021,$584.48,Paid,-
45333,Platinum Subscription Plan,07 May 2021,30 Mar 2021,$699.02,Due,-
45411,Flexible Subscription Plan,08 Nov 2021,11 Aug 2021,$611.14,Paid,-
45103,Gold Subscription Plan,09 Dec 2021,06 Dec 2021,$354.79,Cancelled,-
45823,Gold Subscription Plan,26 Mar 2021,15 Oct 2021,$919.17,Paid,-
45553,Gold Subscription Plan,13 Dec 2020,16 Aug 2021,$281.90,Cancelled,-
45295,Flexible Subscription Plan,05 Mar 2020,11 Jul 2021,$721.66,Cancelled,-
45488,Flexible Subscription Plan,14 May 2021,26 Jun 2021,$617.67,Cancelled,-
45722,Platinum Subscription Plan,09 Oct 2020,26 Apr 2021,$837.30,Cancelled,-
45596,Gold Subscription Plan,31 Jul 2021,10 Jan 2021,$640.09,Due,-
45961,Flexible Subscription Plan,18 Jan 2022,24 Feb 2021,$788.83,Paid,-
45275,Gold Subscription Plan,28 Jul 2020,09 Dec 2021,$415.98,Paid,-
45280,Gold Subscription Plan,15 Apr 2021,01 Jan 2021,$555.70,Due,-
45463,Platinum Subscription Plan,05 Jul 2021,07 Feb 2021,$999.39,Cancelled,-
45331,Gold Subscription Plan,11 Jan 2021,04 Jun 2021,$898.07,Paid,-
45006,Gold Subscription Plan,16 Feb 2022,21 May 2021,$848.19,Paid,-
45910,Platinum Subscription Plan,31 May 2020,01 Nov 2021,$539.49,Cancelled,-
45601,Flexible Subscription Plan,07 Oct 2020,01 Jun 2021,$883.15,Due,-
45691,Platinum Subscription Plan,16 Nov 2021,16 Sep 2021,$500.51,Paid,-
45213,Gold Subscription Plan,27 Oct 2021,08 Oct 2021,$815.02,Cancelled,-
45667,Flexible Subscription Plan,21 Mar 2020,15 Jan 2022,$929.31,Paid,-
45108,Gold Subscription Plan,06 Sep 2020,19 Nov 2021,$960.89,Cancelled,-
45233,Gold Subscription Plan,27 Feb 2021,23 Mar 2021,$451.05,Cancelled,-
45350,Gold Subscription Plan,17 Mar 2020,24 Jul 2021,$602.25,Due,-
45834,Platinum Subscription Plan,14 Jul 2021,11 Jan 2022,$635.32,Cancelled,-
45677,Flexible Subscription Plan,10 Nov 2021,14 Feb 2022,$746.00,Paid,-
45256,Gold Subscription Plan,19 Jan 2021,17 Aug 2021,$363.27,Cancelled,-
45549,Gold Subscription Plan,15 Apr 2020,11 Feb 2022,$609.34,Due,-
45187,Gold Subscription Plan,30 Nov 2020,22 Apr 2021,$276.26,Due,-
45582,Gold Subscription Plan,17 May 2021,22 Jun 2021,$546.21,Due,-
45445,Flexible Subscription Plan,14 Oct 2020,22 Apr 2021,$918.79,Cancelled,-
45477,Gold Subscription Plan,27 Feb 2020,22 Sep 2021,$743.68,Cancelled,-
45054,Gold Subscription Plan,09 Mar 2020,23 May 2021,$367.74,Paid,-
45135,Platinum Subscription Plan,18 Feb 2021,29 Dec 2021,$805.22,Due,-
45847,Flexible Subscription Plan,20 Jun 2021,18 Feb 2021,$623.67,Due,-
45515,Gold Subscription Plan,12 Mar 2021,04 Feb 2021,$697.34,Due,-
45020,Platinum Subscription Plan,25 Sep 2020,01 Dec 2021,$696.12,Due,-
45650,Platinum Subscription Plan,13 May 2020,03 Dec 2021,$783.58,Cancelled,-
45507,Gold Subscription Plan,02 Apr 2020,14 Sep 2021,$624.43,Cancelled,-
45840,Platinum Subscription Plan,16 Mar 2020,01 Jul 2021,$483.65,Cancelled,-
45808,Flexible Subscription Plan,20 Nov 2020,11 May 2021,$499.18,Paid,-
45178,Platinum Subscription Plan,19 Feb 2021,07 Jun 2021,$841.24,Cancelled,-
45271,Platinum Subscription Plan,09 Feb 2021,08 May 2021,$662.95,Paid,-
45090,Flexible Subscription Plan,24 Jan 2020,02 Jan 2022,$410.65,Due,-
45523,Flexible Subscription Plan,24 Mar 2021,14 Jan 2021,$824.83,Cancelled,-
45280,Platinum Subscription Plan,09 Jul 2021,12 Aug 2021,$987.77,Due,-
45084,Flexible Subscription Plan,01 Aug 2020,23 Dec 2021,$562.44,Due,-
45915,Flexible Subscription Plan,06 Jul 2020,13 Aug 2021,$595.09,Paid,-
45551,Flexible Subscription Plan,13 Mar 2020,03 Jan 2021,$503.95,Cancelled,-
45643,Flexible Subscription Plan,20 Oct 2021,03 Feb 2021,$296.31,Paid,-
45769,Gold Subscription Plan,14 Aug 2021,23 Dec 2021,$666.24,Paid,-
45537,Flexible Subscription Plan,01 Feb 2020,25 Sep 2021,$496.81,Paid,-
45297,Gold Subscription Plan,01 Dec 2020,20 May 2021,$225.70,Due,-
45735,Gold Subscription Plan,05 Mar 2021,14 Feb 2021,$710.45,Due,-
45604,Gold Subscription Plan,12 Aug 2020,03 Apr 2021,$545.15,Cancelled,-
45483,Gold Subscription Plan,19 May 2020,15 Jan 2021,$537.81,Paid,-
45465,Flexible Subscription Plan,24 Jan 2021,24 Jul 2021,$569.19,Paid,-
45437,Platinum Subscription Plan,18 Oct 2021,12 Mar 2021,$369.58,Paid,-
45529,Flexible Subscription Plan,25 Jun 2021,03 Mar 2021,$847.04,Paid,-
45750,Flexible Subscription Plan,24 Jul 2020,06 Feb 2022,$351.11,Cancelled,-
45428,Platinum Subscription Plan,27 Jan 2022,18 May 2021,$898.24,Due,-
45240,Gold Subscription Plan,18 Jun 2021,08 Feb 2021,$207.88,Paid,-
45388,Flexible Subscription Plan,07 Jul 2021,03 Dec 2021,$479.57,Paid,-
45288,Gold Subscription Plan,19 Oct 2021,07 Jan 2022,$215.44,Paid,-
45121,Gold Subscription Plan,07 Nov 2021,06 May 2021,$565.72,Due,-
45123,Platinum Subscription Plan,18 Jul 2021,19 Dec 2021,$756.18,Due,-
45116,Flexible Subscription Plan,11 Sep 2020,17 Mar 2021,$842.35,Due,-
45492,Gold Subscription Plan,12 Aug 2020,13 Jan 2021,$595.46,Paid,-
45822,Gold Subscription Plan,08 Mar 2021,24 Dec 2021,$950.38,Paid,-
45909,Gold Subscription Plan,06 Sep 2020,06 Feb 2022,$482.58,Paid,-
45880,Platinum Subscription Plan,08 Aug 2021,09 Dec 2021,$452.49,Paid,-
45397,Gold Subscription Plan,04 Feb 2020,04 Jun 2021,$680.82,Cancelled,-
45191,Flexible Subscription Plan,08 Nov 2021,15 Mar 2021,$480.63,Due,-
45169,Gold Subscription Plan,17 Jul 2020,03 Jul 2021,$922.81,Due,-
45420,Flexible Subscription Plan,04 Oct 2020,23 Feb 2021,$989.13,Due,-
45770,Flexible Subscription Plan,22 Jun 2021,18 Nov 2021,$442.02,Cancelled,-
45346,Flexible Subscription Plan,02 Nov 2021,04 Dec 2021,$305.54,Paid,-
45334,Gold Subscription Plan,03 Aug 2020,21 Dec 2021,$897.06,Cancelled,-
45940,Flexible Subscription Plan,25 Dec 2021,14 Apr 2021,$507.77,Cancelled,-
45186,Platinum Subscription Plan,07 Jan 2020,21 Jan 2022,$438.39,Cancelled,-
45234,Platinum Subscription Plan,11 Sep 2020,20 Jan 2022,$590.33,Paid,-
45648,Gold Subscription Plan,15 Oct 2020,28 May 2021,$716.71,Paid,-
45322,Gold Subscription Plan,15 Nov 2020,22 Jun 2021,$510.11,Due,-
45904,Platinum Subscription Plan,24 Aug 2020,23 Apr 2021,$789.91,Paid,-
45794,Flexible Subscription Plan,17 Mar 2020,19 Jan 2021,$643.09,Paid,-
45939,Platinum Subscription Plan,14 Aug 2021,03 Jul 2021,$694.79,Cancelled,-
45471,Platinum Subscription Plan,03 Feb 2022,13 Dec 2021,$538.13,Cancelled,-
45953,Platinum Subscription Plan,01 Jun 2020,25 Nov 2021,$680.60,Due,-
45552,Flexible Subscription Plan,05 Jun 2021,16 Oct 2021,$707.09,Paid,-
45378,Platinum Subscription Plan,10 May 2021,30 May 2021,$573.49,Paid,-
45371,Flexible Subscription Plan,22 Jul 2021,04 Apr 2021,$319.09,Due,-
45663,Gold Subscription Plan,09 Jul 2020,12 Sep 2021,$252.49,Due,-
45026,Gold Subscription Plan,12 Jul 2021,03 Apr 2021,$660.60,Due,-
45306,Platinum Subscription Plan,02 Jun 2021,19 Sep 2021,$816.29,Due,-
45947,Platinum Subscription Plan,07 Jun 2021,21 Nov 2021,$955.04,Paid,-
45852,Gold Subscription Plan,05 Feb 2021,29 May 2021,$270.59,Paid,-
45681,Flexible Subscription Plan,20 Jan 2021,26 Jun 2021,$519.04,Cancelled,-
45673,Gold Subscription Plan,14 Nov 2020,03 Jan 2021,$286.83,Paid,-
45388,Platinum Subscription Plan,02 Jan 2021,14 Feb 2022,$407.26,Due,-
45934,Flexible Subscription Plan,21 Jan 2021,08 Apr 2021,$949.29,Due,-
45458,Flexible Subscription Plan,18 Dec 2020,07 May 2021,$914.09,Paid,-
45093,Gold Subscription Plan,14 Jan 2021,05 Aug 2021,$928.36,Due,-
45086,Flexible Subscription Plan,21 Jun 2020,27 May 2021,$262.81,Cancelled,-
45639,Flexible Subscription Plan,29 Sep 2021,17 Sep 2021,$414.67,Cancelled,-
45762,Flexible Subscription Plan,07 Feb 2021,21 Nov 2021,$411.51,Due,-
45340,Gold Subscription Plan,25 Sep 2020,04 Jan 2022,$644.51,Due,-
45738,Flexible Subscription Plan,08 Sep 2021,27 Mar 2021,$678.87,Cancelled,-
45720,Gold Subscription Plan,11 Oct 2020,12 Dec 2021,$241.43,Due,-
45486,Flexible Subscription Plan,17 Nov 2021,20 May 2021,$694.28,Due,-
45542,Gold Subscription Plan,06 Dec 2020,15 Dec 2021,$481.56,Paid,-
45667,Platinum Subscription Plan,20 Oct 2021,26 May 2021,$326.30,Due,-
45538,Platinum Subscription Plan,06 Feb 2021,14 Dec 2021,$796.98,Paid,-
45170,Gold Subscription Plan,01 Jul 2021,16 Dec 2021,$978.93,Paid,-
45131,Platinum Subscription Plan,30 Jul 2020,26 Jul 2021,$703.24,Paid,-
45896,Flexible Subscription Plan,13 Nov 2020,25 Jul 2021,$217.16,Paid,-
45160,Flexible Subscription Plan,22 Aug 2020,13 Dec 2021,$824.43,Due,-
45015,Gold Subscription Plan,31 Jul 2020,30 Jun 2021,$721.64,Cancelled,-
45656,Platinum Subscription Plan,03 Sep 2020,01 Jul 2021,$335.99,Paid,-
45338,Flexible Subscription Plan,31 Oct 2021,28 Nov 2021,$707.74,Paid,-
45289,Flexible Subscription Plan,15 Jun 2021,15 Aug 2021,$849.70,Cancelled,-
45522,Flexible Subscription Plan,02 Oct 2021,05 May 2021,$968.84,Cancelled,-
45605,Gold Subscription Plan,09 Jul 2021,07 Jan 2021,$221.89,Cancelled,-
45110,Gold Subscription Plan,14 Aug 2021,30 Jun 2021,$525.36,Paid,-
45643,Flexible Subscription Plan,17 Apr 2020,20 Jan 2022,$655.82,Cancelled,-
45234,Flexible Subscription Plan,22 Jan 2020,14 Apr 2021,$803.64,Paid,-
45599,Gold Subscription Plan,31 Jan 2022,03 Apr 2021,$777.19,Cancelled,-
45318,Flexible Subscription Plan,02 Oct 2020,28 Jun 2021,$974.45,Due,-
45068,Flexible Subscription Plan,18 Aug 2021,28 Mar 2021,$285.11,Cancelled,-
45320,Platinum Subscription Plan,15 Aug 2020,16 Oct 2021,$204.65,Due,-
45429,Flexible Subscription Plan,15 Jun 2021,17 Jul 2021,$939.11,Due,-
45567,Platinum Subscription Plan,02 Nov 2020,10 Jul 2021,$303.41,Cancelled,-
45413,Flexible Subscription Plan,02 Mar 2020,17 Jun 2021,$207.15,Due,-
45880,Platinum Subscription Plan,17 Jun 2020,08 Feb 2021,$832.03,Cancelled,-
45209,Flexible Subscription Plan,03 Jul 2020,30 Oct 2021,$503.43,Cancelled,-
45816,Gold Subscription Plan,06 May 2021,19 Aug 2021,$634.41,Cancelled,-
45431,Platinum Subscription Plan,12 Jan 2020,05 Mar 2021,$379.17,Cancelled,-
45802,Flexible Subscription Plan,25 Jan 2022,18 Jan 2021,$752.73,Due,-
45348,Platinum Subscription Plan,17 Sep 2021,19 Sep 2021,$598.75,Paid,-
45981,Platinum Subscription Plan,30 Mar 2021,07 Jun 2021,$400.95,Paid,-
45574,Gold Subscription Plan,26 Apr 2021,25 May 2021,$476.88,Due,-
45880,Gold Subscription Plan,24 Aug 2021,27 Jan 2021,$628.78,Cancelled,-
45183,Gold Subscription Plan,24 May 2021,24 Feb 2021,$961.31,Cancelled,-
45537,Gold Subscription Plan,15 Jan 2022,04 May 2021,$559.74,Due,-
45308,Flexible Subscription Plan,06 Aug 2020,02 Jan 2022,$719.55,Paid,-
45902,Platinum Subscription Plan,05 Jan 2020,19 Jul 2021,$949.29,Cancelled,-
45580,Gold Subscription Plan,28 Aug 2020,13 Jul 2021,$946.51,Cancelled,-
45183,Flexible Subscription Plan,23 Mar 2021,08 Dec 2021,$978.59,Due,-
45994,Flexible Subscription Plan,08 Jul 2021,03 Feb 2022,$530.67,Due,-
45425,Gold Subscription Plan,21 Jul 2021,16 Mar 2021,$704.39,Paid,-
45380,Gold Subscription Plan,17 May 2021,13 May 2021,$955.85,Paid,-
45841,Flexible Subscription Plan,01 Jul 2021,14 Jan 2021,$256.75,Cancelled,-
45101,Platinum Subscription Plan,23 Jan 2022,26 Sep 2021,$432.97,Due,-
45457,Gold Subscription Plan,20 Feb 2020,15 Feb 2021,$724.26,Due,-
45346,Platinum Subscription Plan,11 Nov 2020,06 Sep 2021,$235.84,Paid,-
45481,Platinum Subscription Plan,02 May 2020,15 Sep 2021,$206.93,Cancelled,-
45818,Platinum Subscription Plan,16 Jul 2021,08 Feb 2021,$756.59,Cancelled,-
45834,Platinum Subscription Plan,03 Sep 2021,09 Dec 2021,$454.47,Paid,-
45787,Gold Subscription Plan,07 Jun 2021,07 Jan 2022,$693.33,Due,-
45632,Platinum Subscription Plan,16 Apr 2021,30 Mar 2021,$401.04,Paid,-
45719,Flexible Subscription Plan,27 Nov 2020,16 May 2021,$324.80,Due,-
45768,Gold Subscription Plan,30 Mar 2020,20 Nov 2021,$247.89,Cancelled,-
45997,Gold Subscription Plan,14 Jul 2020,02 Aug 2021,$971.72,Due,-
45576,Platinum Subscription Plan,09 Aug 2021,03 Dec 2021,$654.88,Paid,-
45652,Gold Subscription Plan,09 Feb 2020,30 Jan 2022,$896.91,Cancelled,-
45689,Gold Subscription Plan,15 Jan 2020,11 Apr 2021,$485.78,Paid,-
45260,Gold Subscription Plan,05 Sep 2020,15 Feb 2021,$390.53,Due,-
45495,Flexible Subscription Plan,16 Jul 2020,03 Feb 2021,$719.75,Due,-
45260,Gold Subscription Plan,16 Jun 2021,09 Jul 2021,$691.25,Paid,-
45073,Gold Subscription Plan,08 Oct 2020,27 Oct 2021,$779.63,Due,-
45849,Platinum Subscription Plan,21 May 2020,27 Sep 2021,$322.00,Paid,-
45135,Flexible Subscription Plan,15 Apr 2021,08 Dec 2021,$372.51,Due,-
45584,Platinum Subscription Plan,22 Feb 2020,28 May 2021,$631.85,Due,-
45642,Flexible Subscription Plan,13 Apr 2021,24 Apr 2021,$650.77,Paid,-
45561,Platinum Subscription Plan,04 Dec 2020,12 May 2021,$638.22,Cancelled,-
45101,Flexible Subscription Plan,06 Sep 2021,16 Mar 2021,$899.29,Cancelled,-
45740,Platinum Subscription Plan,19 Oct 2021,27 Jan 2022,$573.03,Cancelled,-
45256,Platinum Subscription Plan,28 Dec 2020,15 Mar 2021,$420.98,Cancelled,-
45173,Flexible Subscription Plan,22 Jul 2020,25 Apr 2021,$757.15,Due,-
45855,Flexible Subscription Plan,28 Dec 2020,10 Jun 2021,$422.06,Cancelled,-
45457,Platinum Subscription Plan,24 Sep 2021,14 Feb 2021,$631.88,Due,-
45234,Flexible Subscription Plan,15 Mar 2020,05 Nov 2021,$912.93,Due,-
45306,Platinum Subscription Plan,19 Mar 2021,15 Jan 2021,$960.47,Paid,-
45641,Platinum Subscription Plan,20 Jan 2022,08 Jun 2021,$280.63,Cancelled,-
45619,Platinum Subscription Plan,16 Nov 2021,26 Nov 2021,$644.86,Cancelled,-
45146,Gold Subscription Plan,21 Apr 2021,14 Aug 2021,$629.07,Due,-
45173,Flexible Subscription Plan,26 Jan 2022,03 Feb 2021,$593.78,Paid,-
45767,Gold Subscription Plan,01 Feb 2021,03 Dec 2021,$978.21,Cancelled,-
45933,Flexible Subscription Plan,01 Mar 2021,05 Nov 2021,$719.36,Paid,-
45558,Gold Subscription Plan,05 Jan 2022,20 Nov 2021,$323.55,Paid,-
45412,Flexible Subscription Plan,19 Nov 2020,19 Sep 2021,$977.26,Cancelled,-
45059,Flexible Subscription Plan,05 May 2020,15 Apr 2021,$876.02,Cancelled,-
45198,Platinum Subscription Plan,09 Oct 2021,29 Dec 2021,$404.05,Cancelled,-
45605,Gold Subscription Plan,09 Nov 2020,30 Apr 2021,$910.32,Cancelled,-
45497,Gold Subscription Plan,26 Nov 2020,08 Mar 2021,$578.09,Cancelled,-
45388,Gold Subscription Plan,12 Feb 2022,11 Sep 2021,$268.59,Paid,-
45315,Flexible Subscription Plan,05 Aug 2020,23 Jan 2021,$419.61,Due,-
45349,Platinum Subscription Plan,30 Jun 2020,03 Sep 2021,$379.78,Paid,-
45763,Gold Subscription Plan,11 May 2020,27 Apr 2021,$636.37,Due,-
45420,Platinum Subscription Plan,08 Oct 2020,14 Jul 2021,$897.34,Paid,-
45470,Platinum Subscription Plan,13 Mar 2020,17 Feb 2022,$974.65,Due,-
45379,Gold Subscription Plan,21 Aug 2021,21 Jan 2021,$563.28,Paid,-
45356,Gold Subscription Plan,19 Feb 2021,28 Jan 2021,$937.34,Paid,-
45626,Platinum Subscription Plan,25 Aug 2020,08 Jan 2021,$203.00,Cancelled,-
45875,Platinum Subscription Plan,05 Mar 2020,31 Mar 2021,$524.54,Due,-
45926,Platinum Subscription Plan,19 May 2021,10 Jul 2021,$786.69,Cancelled,-
45516,Platinum Subscription Plan,15 Nov 2021,20 Apr 2021,$545.47,Paid,-
45247,Platinum Subscription Plan,03 Feb 2020,01 Dec 2021,$539.09,Due,-
45297,Flexible Subscription Plan,04 Sep 2021,17 Aug 2021,$943.00,Paid,-
45087,Platinum Subscription Plan,28 Jan 2021,09 Feb 2021,$652.47,Due,-
45606,Flexible Subscription Plan,28 Jan 2022,04 Nov 2021,$905.01,Due,-
45975,Platinum Subscription Plan,24 Aug 2020,27 Nov 2021,$201.70,Cancelled,-
45317,Platinum Subscription Plan,09 Aug 2020,31 Aug 2021,$904.38,Cancelled,-
45154,Gold Subscription Plan,31 Oct 2020,10 Feb 2021,$665.10,Cancelled,-
45610,Platinum Subscription Plan,07 Jan 2021,13 Apr 2021,$630.95,Due,-
45563,Flexible Subscription Plan,06 Sep 2021,30 Sep 2021,$967.40,Paid,-
45072,Flexible Subscription Plan,15 Sep 2021,24 Oct 2021,$268.57,Cancelled,-
45585,Platinum Subscription Plan,03 Jul 2021,13 Jan 2021,$582.69,Paid,-
45970,Platinum Subscription Plan,24 May 2021,09 Feb 2022,$562.80,Cancelled,-
45197,Platinum Subscription Plan,16 Nov 2021,18 Apr 2021,$403.33,Due,-
45320,Flexible Subscription Plan,02 Dec 2020,27 Aug 2021,$658.44,Cancelled,-
45715,Flexible Subscription Plan,02 Jul 2020,24 Mar 2021,$984.83,Cancelled,-
45233,Flexible Subscription Plan,07 May 2021,10 Apr 2021,$382.38,Paid,-
45462,Gold Subscription Plan,30 Jan 2020,22 Jan 2022,$694.35,Due,-
45866,Platinum Subscription Plan,04 Aug 2021,12 Nov 2021,$791.20,Paid,-
45023,Gold Subscription Plan,28 Apr 2021,20 May 2021,$738.89,Paid,-
45291,Platinum Subscription Plan,19 Oct 2020,21 Jan 2022,$313.76,Due,-
45498,Gold Subscription Plan,12 Jun 2020,25 Jun 2021,$990.01,Paid,-
45815,Platinum Subscription Plan,24 Dec 2020,16 Jul 2021,$701.11,Cancelled,-
45748,Flexible Subscription Plan,08 Jul 2020,27 Jan 2022,$814.96,Paid,-
45202,Platinum Subscription Plan,02 Nov 2021,27 Nov 2021,$325.41,Cancelled,-
45366,Platinum Subscription Plan,03 Jan 2021,03 Feb 2021,$618.84,Due,-
45294,Gold Subscription Plan,09 Jul 2021,11 Feb 2022,$337.91,Paid,-
45308,Flexible Subscription Plan,18 Sep 2020,07 Jan 2022,$695.91,Due,-
45350,Gold Subscription Plan,03 Dec 2020,01 Mar 2021,$535.69,Cancelled,-
45693,Flexible Subscription Plan,19 Jan 2021,09 Jul 2021,$686.19,Cancelled,-
45012,Platinum Subscription Plan,09 Apr 2021,07 Nov 2021,$334.72,Due,-
45785,Gold Subscription Plan,22 Apr 2020,02 Dec 2021,$339.49,Paid,-
45659,Gold Subscription Plan,12 Jun 2020,03 Sep 2021,$790.27,Due,-
45221,Platinum Subscription Plan,30 Nov 2021,12 Jun 2021,$798.10,Due,-
45492,Platinum Subscription Plan,20 May 2021,02 Sep 2021,$943.90,Cancelled,-
45382,Platinum Subscription Plan,08 Jan 2021,05 Apr 2021,$733.71,Cancelled,-
45936,Platinum Subscription Plan,14 Feb 2020,05 Jul 2021,$745.16,Paid,-
45384,Flexible Subscription Plan,28 Apr 2020,11 Mar 2021,$943.83,Paid,-
45029,Flexible Subscription Plan,29 Mar 2020,12 Aug 2021,$364.38,Due,-
45335,Platinum Subscription Plan,04 Sep 2021,24 Aug 2021,$824.61,Paid,-
45097,Platinum Subscription Plan,28 Dec 2020,27 Dec 2021,$704.48,Due,-
45212,Flexible Subscription Plan,23 Apr 2021,12 Nov 2021,$896.60,Due,-
45971,Gold Subscription Plan,10 Aug 2020,12 Jan 2022,$983.16,Cancelled,-
45919,Flexible Subscription Plan,15 Jul 2021,09 Feb 2021,$262.99,Due,-
45071,Platinum Subscription Plan,13 Sep 2021,21 Nov 2021,$543.32,Due,-
45850,Platinum Subscription Plan,05 Feb 2020,10 Apr 2021,$379.25,Paid,-
45376,Gold Subscription Plan,18 Dec 2020,18 Mar 2021,$594.97,Cancelled,-
45660,Gold Subscription Plan,08 Dec 2021,18 Sep 2021,$428.64,Due,-
45371,Flexible Subscription Plan,17 Jan 2020,10 Dec 2021,$520.64,Cancelled,-
45028,Gold Subscription Plan,25 May 2021,06 Dec 2021,$240.69,Cancelled,-
45301,Flexible Subscription Plan,28 Aug 2021,25 Jul 2021,$477.92,Cancelled,-
45784,Flexible Subscription Plan,16 Aug 2020,27 Apr 2021,$671.66,Due,-
45816,Platinum Subscription Plan,06 Jan 2022,30 Jan 2022,$633.11,Cancelled,-
45477,Flexible Subscription Plan,03 Jun 2020,12 Mar 2021,$965.59,Cancelled,-
45548,Platinum Subscription Plan,06 Jan 2020,27 Nov 2021,$308.17,Due,-
45760,Platinum Subscription Plan,09 Dec 2020,29 Sep 2021,$764.00,Paid,-
45661,Platinum Subscription Plan,22 Nov 2020,08 May 2021,$450.68,Cancelled,-
45843,Platinum Subscription Plan,02 Feb 2021,13 Feb 2021,$963.43,Due,-
45731,Platinum Subscription Plan,24 Sep 2020,01 Aug 2021,$556.92,Due,-
45367,Gold Subscription Plan,21 Dec 2021,08 May 2021,$353.58,Paid,-
45294,Flexible Subscription Plan,30 May 2020,20 Apr 2021,$604.47,Due,-
45092,Flexible Subscription Plan,09 Aug 2021,14 May 2021,$735.60,Paid,-
45636,Platinum Subscription Plan,26 Feb 2020,14 Feb 2022,$363.22,Paid,-
45138,Gold Subscription Plan,01 Mar 2021,13 Feb 2022,$857.50,Cancelled,-
45246,Gold Subscription Plan,28 Feb 2021,26 Sep 2021,$403.41,Cancelled,-
45247,Gold Subscription Plan,25 Jan 2021,05 Sep 2021,$335.74,Due,-
45134,Flexible Subscription Plan,28 Jun 2021,23 Apr 2021,$815.74,Paid,-
45263,Platinum Subscription Plan,21 Jul 2020,17 Oct 2021,$861.62,Paid,-
45962,Platinum Subscription Plan,23 Mar 2020,19 Feb 2021,$605.95,Cancelled,-
45659,Platinum Subscription Plan,24 May 2020,21 May 2021,$549.03,Cancelled,-
45849,Gold Subscription Plan,27 Jun 2020,18 Feb 2021,$394.48,Cancelled,-
45895,Platinum Subscription Plan,16 Jul 2021,09 Oct 2021,$815.93,Cancelled,-
45595,Flexible Subscription Plan,09 Dec 2021,20 Jan 2021,$463.65,Paid,-
45896,Flexible Subscription Plan,16 Sep 2020,14 Jun 2021,$993.91,Paid,-
45229,Gold Subscription Plan,27 Sep 2021,23 Oct 2021,$329.20,Paid,-
45144,Gold Subscription Plan,11 Mar 2021,23 Aug 2021,$886.10,Cancelled,-
45589,Platinum Subscription Plan,12 Apr 2021,16 Nov 2021,$228.47,Paid,-
45575,Gold Subscription Plan,03 Nov 2020,28 Apr 2021,$332.62,Cancelled,-
45274,Gold Subscription Plan,03 Jan 2022,11 Oct 2021,$240.49,Due,-
45467,Flexible Subscription Plan,25 Dec 2020,15 Feb 2021,$381.25,Paid,-
45771,Gold Subscription Plan,12 Feb 2020,02 Aug 2021,$348.90,Paid,-
45349,Flexible Subscription Plan,25 May 2021,11 Jun 2021,$318.30,Cancelled,-
45308,Gold Subscription Plan,26 Jul 2021,16 Apr 2021,$664.32,Paid,-
45934,Gold Subscription Plan,27 Nov 2021,06 Dec 2021,$875.87,Due,-
45228,Platinum Subscription Plan,24 Oct 2020,03 Mar 2021,$405.11,Cancelled,-
45449,Flexible Subscription Plan,25 May 2020,05 Nov 2021,$698.54,Paid,-
45773,Flexible Subscription Plan,03 Jun 2021,04 Mar 2021,$282.12,Due,-
45399,Flexible Subscription Plan,31 Jan 2020,24 Oct 2021,$479.94,Cancelled,-
45153,Gold Subscription Plan,09 Dec 2021,10 Dec 2021,$518.40,Cancelled,-
45729,Gold Subscription Plan,21 Jul 2020,25 Jan 2022,$307.37,Due,-
45429,Flexible Subscription Plan,22 Nov 2021,07 Feb 2022,$274.55,Paid,-
45877,Gold Subscription Plan,29 Apr 2020,17 Nov 2021,$810.61,Paid,-
45063,Platinum Subscription Plan,02 May 2021,25 Jan 2022,$412.87,Paid,-
45568,Platinum Subscription Plan,01 Jun 2020,15 Feb 2022,$733.58,Paid,-
45376,Gold Subscription Plan,11 Jan 2020,05 Dec 2021,$795.28,Due,-
45700,Gold Subscription Plan,26 Aug 2021,28 Nov 2021,$957.43,Paid,-
45188,Gold Subscription Plan,15 Oct 2020,05 Feb 2022,$979.13,Paid,-
45083,Gold Subscription Plan,12 Jun 2020,04 Dec 2021,$973.02,Cancelled,-
45706,Flexible Subscription Plan,01 Apr 2020,10 May 2021,$874.55,Paid,-
45295,Gold Subscription Plan,26 Jul 2020,29 Mar 2021,$723.29,Cancelled,-
45306,Flexible Subscription Plan,10 Nov 2020,17 Jan 2021,$448.14,Due,-
45704,Platinum Subscription Plan,25 Sep 2020,17 Apr 2021,$435.76,Paid,-
45959,Gold Subscription Plan,12 Dec 2021,26 Dec 2021,$999.56,Paid,-
45118,Flexible Subscription Plan,05 Jun 2021,25 Dec 2021,$226.32,Cancelled,-
45347,Gold Subscription Plan,16 Jul 2021,23 Mar 2021,$341.18,Cancelled,-
45940,Flexible Subscription Plan,14 May 2020,15 Apr 2021,$797.48,Paid,-
45723,Flexible Subscription Plan,15 Jan 2020,30 Jan 2021,$770.11,Due,-
45987,Gold Subscription Plan,09 May 2020,30 Jan 2021,$822.44,Cancelled,-
45370,Gold Subscription Plan,23 Apr 2020,27 Jun 2021,$831.93,Due,-
45771,Platinum Subscription Plan,15 Jan 2022,08 Feb 2021,$365.33,Cancelled,-
45145,Gold Subscription Plan,18 Sep 2021,01 Aug 2021,$378.57,Cancelled,-
45837,Platinum Subscription Plan,03 Jan 2021,27 Dec 2021,$958.13,Due,-
45082,Platinum Subscription Plan,21 Jun 2021,03 Jul 2021,$830.47,Cancelled,-
45195,Flexible Subscription Plan,05 Oct 2021,26 Apr 2021,$866.60,Paid,-
45111,Platinum Subscription Plan,07 Dec 2021,06 Jan 2021,$417.83,Due,-
45149,Flexible Subscription Plan,18 Jul 2020,04 Jul 2021,$540.09,Cancelled,-
45385,Flexible Subscription Plan,26 Jun 2021,10 Mar 2021,$672.49,Cancelled,-
45988,Platinum Subscription Plan,15 Aug 2020,13 Feb 2022,$302.47,Paid,-
45766,Platinum Subscription Plan,12 Jun 2020,15 Sep 2021,$421.90,Paid,-
45761,Platinum Subscription Plan,21 May 2021,23 Oct 2021,$963.60,Due,-
45657,Gold Subscription Plan,26 Dec 2021,16 Aug 2021,$699.01,Due,-
45040,Flexible Subscription Plan,04 Jan 2022,06 Jan 2022,$770.51,Due,-
45973,Platinum Subscription Plan,03 Jun 2020,22 Oct 2021,$688.82,Paid,-
45053,Gold Subscription Plan,28 Dec 2021,17 Sep 2021,$334.13,Due,-
45597,Gold Subscription Plan,23 Feb 2021,17 May 2021,$315.23,Cancelled,-
45256,Gold Subscription Plan,10 Jan 2021,06 Mar 2021,$787.29,Due,-
45682,Platinum Subscription Plan,12 Dec 2021,21 Dec 2021,$366.33,Due,-
45219,Flexible Subscription Plan,15 Dec 2021,10 Feb 2021,$310.35,Due,-
45634,Platinum Subscription Plan,29 Aug 2021,13 Mar 2021,$467.45,Paid,-
45731,Gold Subscription Plan,24 Aug 2021,28 Jan 2021,$284.96,Due,-
45842,Gold Subscription Plan,24 Oct 2020,17 Feb 2021,$421.36,Cancelled,-
45833,Platinum Subscription Plan,03 Jun 2020,01 Jun 2021,$960.28,Due,-
45621,Gold Subscription Plan,29 Apr 2020,05 Feb 2022,$640.48,Due,-
45816,Platinum Subscription Plan,10 Nov 2021,23 Oct 2021,$778.36,Due,-
45407,Gold Subscription Plan,11 May 2021,15 Feb 2022,$473.99,Due,-
45709,Platinum Subscription Plan,15 Aug 2020,10 Aug 2021,$599.95,Cancelled,-
45545,Gold Subscription Plan,24 Nov 2021,30 May 2021,$898.61,Paid,-
45361,Platinum Subscription Plan,14 Nov 2021,12 Nov 2021,$935.20,Cancelled,-
45140,Flexible Subscription Plan,05 Oct 2020,21 Jan 2021,$640.22,Cancelled,-
45551,Gold Subscription Plan,01 Jan 2022,31 Mar 2021,$234.67,Cancelled,-
45722,Platinum Subscription Plan,09 Dec 2020,12 Mar 2021,$789.67,Paid,-
45758,Flexible Subscription Plan,01 Apr 2020,31 Jan 2022,$719.51,Paid,-
45241,Platinum Subscription Plan,01 Sep 2020,23 Jan 2022,$362.04,Cancelled,-
45704,Gold Subscription Plan,06 Nov 2020,27 Jan 2021,$399.15,Paid,-
45730,Gold Subscription Plan,05 Mar 2020,19 Mar 2021,$769.52,Cancelled,-
45325,Platinum Subscription Plan,24 May 2021,02 Feb 2021,$772.20,Due,-
45484,Flexible Subscription Plan,04 Mar 2020,10 Aug 2021,$332.73,Paid,-
45006,Gold Subscription Plan,22 Jul 2020,18 Feb 2021,$340.72,Due,-
45901,Flexible Subscription Plan,01 Sep 2020,20 May 2021,$479.36,Paid,-
45343,Gold Subscription Plan,01 Aug 2020,07 Jun 2021,$386.41,Due,-
45540,Platinum Subscription Plan,09 Nov 2020,13 Sep 2021,$408.36,Cancelled,-
45191,Platinum Subscription Plan,07 Jun 2021,27 Jul 2021,$836.69,Paid,-
45452,Gold Subscription Plan,06 Jan 2020,04 Jul 2021,$497.26,Cancelled,-
45990,Platinum Subscription Plan,14 Jun 2021,07 Nov 2021,$941.70,Due,-
45229,Flexible Subscription Plan,14 Jul 2021,07 Jan 2021,$444.85,Paid,-
45325,Platinum Subscription Plan,30 Sep 2020,03 Feb 2021,$368.56,Cancelled,-
45448,Platinum Subscription Plan,17 Dec 2021,05 Mar 2021,$906.36,Paid,-
45431,Gold Subscription Plan,28 Jul 2021,14 Mar 2021,$714.60,Cancelled,-
45234,Flexible Subscription Plan,02 May 2020,07 Jul 2021,$259.64,Paid,-
45892,Gold Subscription Plan,28 Oct 2021,21 Jan 2022,$470.74,Due,-
45863,Gold Subscription Plan,01 Mar 2020,23 Mar 2021,$521.23,Due,-
45379,Flexible Subscription Plan,28 Jan 2020,07 Apr 2021,$711.54,Due,-
45325,Platinum Subscription Plan,29 Nov 2021,22 Sep 2021,$227.73,Paid,-
45331,Platinum Subscription Plan,30 Aug 2021,26 Feb 2021,$926.39,Paid,-
45882,Platinum Subscription Plan,15 Sep 2021,09 Feb 2021,$272.86,Due,-
45550,Flexible Subscription Plan,19 Jan 2020,30 Jul 2021,$463.03,Paid,-
45786,Platinum Subscription Plan,06 Jun 2021,05 Mar 2021,$383.91,Due,-
45932,Platinum Subscription Plan,24 Jun 2020,25 Dec 2021,$917.75,Cancelled,-
45935,Platinum Subscription Plan,22 Apr 2020,14 Jun 2021,$658.59,Due,-
45361,Flexible Subscription Plan,24 Jan 2020,14 Jun 2021,$601.51,Cancelled,-
45792,Gold Subscription Plan,04 Dec 2020,31 Jan 2021,$735.81,Due,-
45125,Platinum Subscription Plan,22 Jan 2022,24 Aug 2021,$741.47,Paid,-
45316,Platinum Subscription Plan,09 Mar 2020,24 Feb 2021,$432.98,Paid,-
45959,Gold Subscription Plan,09 Jan 2021,01 Jan 2022,$827.39,Cancelled,-
45491,Platinum Subscription Plan,19 Dec 2020,12 Mar 2021,$854.68,Paid,-
45523,Platinum Subscription Plan,15 Jul 2021,08 Oct 2021,$392.68,Paid,-
45846,Gold Subscription Plan,05 Apr 2020,26 Apr 2021,$222.06,Due,-
45083,Platinum Subscription Plan,07 Jan 2020,06 Jan 2022,$221.26,Cancelled,-
45879,Flexible Subscription Plan,24 Jul 2020,25 Aug 2021,$349.42,Due,-
45274,Platinum Subscription Plan,16 Jan 2021,10 Dec 2021,$612.69,Cancelled,-
45072,Gold Subscription Plan,09 Oct 2021,20 Oct 2021,$636.05,Due,-
45035,Flexible Subscription Plan,22 May 2021,07 Sep 2021,$805.19,Due,-
45942,Platinum Subscription Plan,21 Jul 2020,08 Sep 2021,$412.94,Cancelled,-
45622,Gold Subscription Plan,22 Jul 2021,14 Nov 2021,$390.03,Paid,-
45872,Flexible Subscription Plan,12 Jul 2021,05 Feb 2021,$674.22,Paid,-
45573,Platinum Subscription Plan,18 Sep 2021,22 Jul 2021,$702.87,Cancelled,-
45947,Gold Subscription Plan,08 Dec 2020,17 Dec 2021,$223.90,Cancelled,-
45123,Platinum Subscription Plan,19 Jan 2020,30 Sep 2021,$478.95,Due,-
45341,Platinum Subscription Plan,26 Jun 2020,12 Feb 2022,$644.71,Due,-
45631,Platinum Subscription Plan,22 Nov 2021,17 Sep 2021,$709.58,Paid,-
45893,Gold Subscription Plan,05 Feb 2022,01 Jun 2021,$895.09,Due,-
45098,Flexible Subscription Plan,08 Nov 2020,18 Jul 2021,$627.47,Due,-
45017,Gold Subscription Plan,02 Mar 2020,25 Apr 2021,$254.93,Cancelled,-
45929,Flexible Subscription Plan,23 Sep 2020,24 Aug 2021,$517.21,Cancelled,-
45309,Platinum Subscription Plan,23 Dec 2020,30 Jan 2022,$630.20,Cancelled,-
45468,Flexible Subscription Plan,25 Mar 2020,04 Aug 2021,$558.17,Due,-
45655,Platinum Subscription Plan,08 Sep 2021,15 Aug 2021,$726.98,Due,-
45808,Gold Subscription Plan,15 Jan 2021,06 Jun 2021,$618.03,Cancelled,-
45443,Flexible Subscription Plan,22 Jul 2020,11 Dec 2021,$411.06,Cancelled,-
45341,Gold Subscription Plan,29 Aug 2020,27 Jun 2021,$581.85,Due,-
45451,Platinum Subscription Plan,03 Aug 2021,30 Nov 2021,$522.79,Due,-
45739,Platinum Subscription Plan,25 Jan 2022,24 Jan 2022,$504.16,Cancelled,-
45751,Gold Subscription Plan,18 Feb 2020,12 Mar 2021,$524.30,Due,-
45437,Flexible Subscription Plan,01 May 2020,26 Dec 2021,$384.94,Paid,-
45802,Flexible Subscription Plan,22 Apr 2020,18 Jul 2021,$246.71,Due,-
45117,Platinum Subscription Plan,25 Nov 2021,04 Sep 2021,$239.36,Paid,-
45367,Flexible Subscription Plan,27 Jan 2020,16 Jun 2021,$742.74,Due,-
45127,Flexible Subscription Plan,30 Nov 2020,13 Apr 2021,$923.90,Due,-
45449,Gold Subscription Plan,09 Mar 2021,15 May 2021,$831.12,Due,-
45969,Gold Subscription Plan,04 Apr 2020,15 Nov 2021,$218.27,Paid,-
45986,Flexible Subscription Plan,17 Jan 2020,11 Sep 2021,$411.63,Paid,-
45948,Flexible Subscription Plan,28 Jun 2021,25 Aug 2021,$848.53,Cancelled,-
45821,Flexible Subscription Plan,20 Feb 2020,22 Jul 2021,$472.90,Due,-
45179,Flexible Subscription Plan,18 Jul 2021,20 Jan 2021,$360.49,Cancelled,-
45086,Gold Subscription Plan,01 Feb 2021,15 Mar 2021,$968.13,Due,-
45356,Gold Subscription Plan,13 May 2020,13 Jul 2021,$387.48,Cancelled,-
45589,Platinum Subscription Plan,02 May 2020,04 Mar 2021,$817.46,Due,-
45435,Flexible Subscription Plan,19 May 2020,16 Jun 2021,$519.73,Cancelled,-
45204,Gold Subscription Plan,27 Jan 2022,13 Nov 2021,$595.96,Paid,-
45462,Platinum Subscription Plan,09 Jan 2022,25 Sep 2021,$511.32,Paid,-
45203,Platinum Subscription Plan,09 Feb 2021,16 Jan 2021,$906.28,Cancelled,-
45959,Flexible Subscription Plan,28 Sep 2021,02 Jan 2022,$733.77,Cancelled,-
45319,Gold Subscription Plan,10 Dec 2020,21 Jun 2021,$420.07,Cancelled,-
45421,Flexible Subscription Plan,28 Feb 2021,21 Jul 2021,$630.48,Paid,-
45648,Gold Subscription Plan,28 Nov 2020,08 Jul 2021,$327.63,Due,-
45735,Flexible Subscription Plan,09 Feb 2021,09 Apr 2021,$718.10,Due,-
45439,Gold Subscription Plan,24 Apr 2020,12 May 2021,$697.87,Cancelled,-
45615,Flexible Subscription Plan,08 Oct 2020,15 May 2021,$231.72,Cancelled,-
45275,Gold Subscription Plan,28 Jun 2021,02 Dec 2021,$753.93,Due,-
45665,Gold Subscription Plan,18 Jun 2021,02 Aug 2021,$243.75,Cancelled,-
45359,Platinum Subscription Plan,24 Apr 2021,14 Oct 2021,$884.93,Due,-
45253,Platinum Subscription Plan,15 May 2021,09 Aug 2021,$853.81,Due,-
45270,Gold Subscription Plan,15 Feb 2022,13 Jul 2021,$466.76,Due,-
45588,Gold Subscription Plan,26 Feb 2021,23 May 2021,$983.96,Due,-
45410,Platinum Subscription Plan,31 Dec 2021,27 Jun 2021,$633.73,Cancelled,-
45530,Platinum Subscription Plan,15 Jul 2020,28 Dec 2021,$236.19,Due,-
