index,isActive,balance,age,eyeColor,name,gender,company,email,phone,address,registered
0,true,"$3,316.85",40,blue,Mullen Lucas,male,DATAGEN,mullenlucas@datagen.com,+1 (910) 490-2031,"641 Dover Street, Bascom, Washington, 6330",2021-07-19T11:45:33 -01:00
1,false,"$2,520.26",27,blue,Nolan Welch,male,UNDERTAP,nolanwelch@undertap.com,+1 (944) 498-3885,"632 Luquer Street, Soudan, Minnesota, 9533",2021-07-02T10:10:42 -01:00
2,true,"$3,918.04",40,blue,Galloway Mays,male,PROVIDCO,gallowaymays@providco.com,+1 (826) 452-3979,"198 Dare Court, Kanauga, Kansas, 1227",2016-12-07T05:42:12 -00:00
3,true,"$1,433.41",37,brown,Weber Holt,male,EXOVENT,weberholt@exovent.com,+1 (936) 482-2412,"280 Keap Street, Abiquiu, Wisconsin, 4557",2021-12-23T03:29:39 -00:00
4,false,"$2,133.44",32,blue,Payne Rivers,male,INVENTURE,paynerivers@inventure.com,+1 (954) 420-3686,"667 Brightwater Court, Islandia, Iowa, 2864",2020-04-23T06:11:40 -01:00
5,false,"$1,548.90",27,blue,Helga Bradley,female,ETERNIS,helgabradley@eternis.com,+1 (977) 448-2848,"128 Schenck Avenue, Brambleton, New Mexico, 3025",2019-08-05T05:55:28 -01:00
6,true,"$2,312.69",40,blue,Bolton Christian,male,TEMORAK,boltonchristian@temorak.com,+1 (904) 599-2111,"245 Montauk Court, Emison, Ohio, 2905",2021-04-02T07:46:12 -01:00
7,false,"$1,876.91",35,blue,Lee Blevins,male,LUDAK,leeblevins@ludak.com,+1 (810) 468-2061,"465 Wallabout Street, Wattsville, Kentucky, 6291",2021-06-03T04:55:22 -01:00
8,true,"$3,327.49",31,green,Drake Lindsay,male,ZAYA,drakelindsay@zaya.com,+1 (920) 483-3903,"418 Osborn Street, Greenbackville, New York, 8548",2022-05-20T04:58:54 -01:00
9,true,"$2,082.10",37,green,Malone Cox,male,ENERSOL,malonecox@enersol.com,+1 (810) 541-3004,"357 McDonald Avenue, Chloride, Alabama, 5908",2017-06-04T04:23:42 -01:00
10,false,"$2,919.43",35,brown,Freeman Clemons,male,GLUKGLUK,freemanclemons@glukgluk.com,+1 (870) 401-2388,"798 Temple Court, Newry, District Of Columbia, 7701",2014-08-15T05:45:37 -01:00
11,true,"$3,561.63",28,brown,Zamora Scott,male,NIKUDA,zamorascott@nikuda.com,+1 (997) 454-2643,"815 Jerome Street, Logan, Arkansas, 9799",2016-10-06T06:20:40 -01:00
12,false,"$1,466.07",22,brown,Finch Copeland,male,QNEKT,finchcopeland@qnekt.com,+1 (837) 457-2076,"969 Murdock Court, Forestburg, Maine, 9315",2014-06-07T08:31:44 -01:00
13,false,"$1,950.85",21,brown,Noelle Whitfield,female,VICON,noellewhitfield@vicon.com,+1 (846) 593-2596,"903 Fair Street, Malo, New Hampshire, 5047",2015-12-12T02:38:17 -00:00
14,false,"$2,810.89",35,blue,Armstrong Abbott,male,EDECINE,armstrongabbott@edecine.com,+1 (850) 598-3855,"735 Maple Avenue, Coloma, Marshall Islands, 3587",2015-11-04T06:55:02 -00:00
15,false,"$3,420.68",40,blue,Heather Flynn,female,UNI,heatherflynn@uni.com,+1 (895) 409-3550,"199 Turner Place, Richville, Louisiana, 4249",2016-03-21T02:17:33 -00:00
16,true,"$2,121.51",22,blue,Cecelia Stephens,female,MEDESIGN,ceceliastephens@medesign.com,+1 (931) 454-2845,"156 Portal Street, Wildwood, Federated States Of Micronesia, 532",2019-08-30T09:45:01 -01:00
17,false,"$3,853.65",32,blue,Alisha Dunlap,female,HOUSEDOWN,alishadunlap@housedown.com,+1 (977) 422-3398,"160 Freeman Street, Grazierville, Illinois, 2608",2021-12-23T04:10:28 -00:00
18,false,"$1,136.80",40,blue,Harmon Crane,male,PROSELY,harmoncrane@prosely.com,+1 (966) 551-2875,"343 Pulaski Street, Tilden, American Samoa, 7598",2015-07-11T12:33:16 -01:00
19,false,"$3,424.78",28,blue,Mckee Shelton,male,FLUM,mckeeshelton@flum.com,+1 (801) 530-3302,"172 Throop Avenue, Hebron, Massachusetts, 2177",2015-05-26T05:14:02 -01:00
20,false,"$2,890.27",38,blue,Helen Hines,female,ANDERSHUN,helenhines@andershun.com,+1 (838) 434-2352,"767 Frost Street, Berlin, Northern Mariana Islands, 5243",2022-01-08T08:11:39 -00:00
21,false,"$1,076.61",39,brown,Jessie Pittman,female,DIGIRANG,jessiepittman@digirang.com,+1 (861) 600-2291,"250 Beverley Road, Bangor, Rhode Island, 371",2018-03-22T03:34:49 -00:00
22,false,"$3,479.80",29,brown,Mccall Guerrero,male,ZILLANET,mccallguerrero@zillanet.com,+1 (857) 526-2420,"293 Boulevard Court, Slovan, New Jersey, 8535",2018-05-11T06:47:27 -01:00
23,false,"$3,515.96",35,green,Rogers Bradshaw,male,OLUCORE,rogersbradshaw@olucore.com,+1 (907) 472-2378,"278 Dewey Place, Castleton, Montana, 9236",2019-07-05T03:30:33 -01:00
24,true,"$3,652.69",23,green,Franco Hester,male,AMTAS,francohester@amtas.com,+1 (841) 554-3084,"754 Ocean Avenue, Catherine, Hawaii, 4713",2019-12-03T08:39:19 -00:00
25,false,"$3,420.24",35,blue,Dixie Hicks,female,PROGENEX,dixiehicks@progenex.com,+1 (976) 543-2483,"639 Hanover Place, Healy, Georgia, 827",2021-02-08T12:44:54 -00:00
26,false,"$2,856.49",28,blue,Tracey Blair,female,ZAGGLES,traceyblair@zaggles.com,+1 (809) 477-3231,"733 Clifton Place, Ripley, Oklahoma, 1107",2016-04-05T09:12:04 -01:00
27,false,"$1,136.48",31,green,Middleton Duke,male,ECRATIC,middletonduke@ecratic.com,+1 (929) 422-2365,"773 Billings Place, Mulberry, Michigan, 6846",2019-12-29T06:29:24 -00:00
28,true,"$3,841.53",23,brown,Rosa Holcomb,male,ZENTILITY,rosaholcomb@zentility.com,+1 (830) 520-2807,"269 Schenck Street, Veguita, North Carolina, 7035",2021-07-19T02:37:01 -01:00
29,false,"$2,442.82",35,brown,Morgan Kent,female,GEOSTELE,morgankent@geostele.com,+1 (905) 481-2763,"941 Strickland Avenue, Eastmont, Utah, 2845",2020-06-28T03:43:40 -01:00
30,true,"$2,004.21",34,blue,Clay Hernandez,male,DENTREX,clayhernandez@dentrex.com,+1 (883) 423-2955,"777 Varick Street, Cotopaxi, Florida, 2629",2016-03-28T09:00:51 -01:00
31,true,"$3,189.96",24,blue,Gena Hunt,female,MOMENTIA,genahunt@momentia.com,+1 (997) 553-2383,"362 Kenmore Terrace, Saranap, Nevada, 8484",2018-04-10T04:32:32 -01:00
32,false,"$2,836.89",32,brown,Brianna Leon,female,PRISMATIC,briannaleon@prismatic.com,+1 (963) 453-3296,"643 Bragg Court, Shasta, Alaska, 6602",2018-12-23T06:30:10 -00:00
33,false,"$3,333.80",26,green,Rosalinda Pennington,female,QIAO,rosalindapennington@qiao.com,+1 (973) 408-2902,"832 Newport Street, Noblestown, Wyoming, 6301",2021-08-25T05:18:14 -01:00
34,true,"$1,465.33",37,blue,Desiree Doyle,female,INTERFIND,desireedoyle@interfind.com,+1 (861) 432-3539,"110 Irving Street, Sunriver, Puerto Rico, 2478",2022-03-29T09:27:53 -01:00
35,true,"$1,028.58",28,blue,Alta Ray,female,ISOTRONIC,altaray@isotronic.com,+1 (945) 425-3054,"481 Hooper Street, Wollochet, West Virginia, 2497",2016-05-20T07:13:51 -01:00
36,false,"$2,851.14",22,green,Sue Little,female,APEX,suelittle@apex.com,+1 (849) 453-3623,"354 Schenectady Avenue, Beechmont, Nebraska, 2348",2018-08-08T09:36:48 -01:00
37,true,"$2,124.69",34,green,Carson Bishop,male,DIGIQUE,carsonbishop@digique.com,+1 (955) 506-3306,"167 Walker Court, Brownsville, Texas, 7302",2018-10-29T07:27:31 -00:00
38,true,"$2,000.27",33,brown,Susana Cobb,female,ECOLIGHT,susanacobb@ecolight.com,+1 (917) 589-3521,"792 Erskine Loop, Yettem, Idaho, 8837",2019-10-06T02:21:08 -01:00
39,true,"$3,419.39",35,brown,Kimberly Dillard,female,INDEXIA,kimberlydillard@indexia.com,+1 (963) 495-3063,"185 Fleet Walk, Bayview, Missouri, 1130",2016-07-12T04:00:02 -01:00
40,false,"$2,980.09",25,green,Thomas Avila,male,EXOPLODE,thomasavila@exoplode.com,+1 (903) 588-2121,"135 Bennet Court, Vincent, Connecticut, 3157",2021-10-06T02:55:59 -01:00
41,true,"$3,055.93",27,blue,Mona Day,female,ISONUS,monaday@isonus.com,+1 (998) 509-3574,"899 Wythe Avenue, Babb, Oregon, 1515",2015-06-13T03:28:55 -01:00
42,false,"$1,248.92",21,brown,Medina Elliott,male,BUZZNESS,medinaelliott@buzzness.com,+1 (858) 496-2842,"333 Delevan Street, Whitehaven, Delaware, 1492",2017-05-08T08:20:13 -01:00
43,false,"$1,069.47",22,brown,Bond Baxter,male,FITCORE,bondbaxter@fitcore.com,+1 (857) 586-2546,"866 Concord Street, Hackneyville, Arizona, 2900",2021-11-24T12:37:10 -00:00
44,false,"$1,069.85",30,brown,Amparo Pitts,female,FUTURITY,amparopitts@futurity.com,+1 (808) 548-3599,"128 Covert Street, Clarktown, Palau, 4906",2022-02-08T07:30:36 -00:00
45,true,"$2,233.49",38,brown,Natasha Snider,female,SNIPS,natashasnider@snips.com,+1 (919) 514-3900,"296 Autumn Avenue, Teasdale, Indiana, 3580",2017-03-21T11:04:19 -00:00
46,true,"$1,293.70",29,brown,Elizabeth Jacobson,female,TERSANKI,elizabethjacobson@tersanki.com,+1 (923) 561-2846,"582 Remsen Avenue, Bentonville, North Dakota, 3957",2017-09-06T01:34:24 -01:00
47,false,"$3,063.50",28,blue,Tiffany Howe,female,FLEXIGEN,tiffanyhowe@flexigen.com,+1 (891) 507-2178,"358 Veronica Place, Buxton, Virginia, 5906",2021-09-16T01:49:15 -01:00
48,true,"$2,515.52",33,blue,Naomi Mason,female,DECRATEX,naomimason@decratex.com,+1 (840) 565-2079,"854 Devon Avenue, Barrelville, Maryland, 2504",2020-05-29T06:32:57 -01:00
49,true,"$3,703.00",37,green,Allie Gibson,female,CYCLONICA,alliegibson@cyclonica.com,+1 (956) 528-2014,"103 Franklin Street, Wilmington, Virgin Islands, 5740",2021-01-18T12:02:00 -00:00
50,false,"$2,882.43",23,blue,Susanna Lowery,female,DIGIPRINT,susannalowery@digiprint.com,+1 (953) 572-2169,"713 Adler Place, Bellfountain, Tennessee, 580",2014-03-05T12:58:25 -00:00
51,false,"$1,211.20",33,green,Small Walters,male,PORTICA,smallwalters@portica.com,+1 (841) 459-2773,"568 Cranberry Street, Maplewood, Pennsylvania, 7496",2022-03-13T11:28:19 -00:00
52,false,"$1,010.66",29,green,Mayo Jones,male,BISBA,mayojones@bisba.com,+1 (885) 468-3628,"556 Columbia Place, Coaldale, Vermont, 2950",2020-10-19T03:26:39 -01:00
53,false,"$2,207.50",23,blue,Rosalie Nielsen,female,EPLODE,rosalienielsen@eplode.com,+1 (848) 421-3280,"185 Division Place, Nipinnawasee, Guam, 4135",2016-05-21T02:57:22 -01:00
54,true,"$3,813.63",34,brown,Esperanza Oliver,female,DIGITALUS,esperanzaoliver@digitalus.com,+1 (960) 570-3180,"678 Jackson Place, Gardiner, Mississippi, 8793",2017-05-29T03:09:21 -01:00
55,false,"$2,152.54",28,blue,Vilma Salinas,female,PAWNAGRA,vilmasalinas@pawnagra.com,+1 (834) 565-3139,"796 Harwood Place, Vienna, Colorado, 1473",2020-08-22T09:32:33 -01:00
56,true,"$1,146.07",29,green,Bridgette Hunter,female,COMVEY,bridgettehunter@comvey.com,+1 (957) 453-2392,"986 Rockaway Parkway, Ona, California, 2202",2017-11-04T11:23:36 -00:00
57,true,"$2,092.81",28,blue,Alana Rosa,female,RAMJOB,alanarosa@ramjob.com,+1 (916) 496-2878,"506 Leonard Street, Kerby, South Carolina, 2005",2017-08-22T12:06:56 -01:00
58,false,"$2,839.25",20,brown,Gabrielle Figueroa,female,DEVILTOE,gabriellefigueroa@deviltoe.com,+1 (928) 420-3627,"522 Harden Street, Joes, Washington, 7656",2019-01-09T07:58:05 -00:00
59,true,"$3,153.82",38,brown,Reid Williams,male,LETPRO,reidwilliams@letpro.com,+1 (861) 550-2627,"996 Harkness Avenue, Allentown, Minnesota, 3050",2019-04-20T02:36:16 -01:00
60,true,"$3,092.07",40,brown,Rebekah Riddle,female,ISOTERNIA,rebekahriddle@isoternia.com,+1 (942) 580-3397,"175 Ruby Street, Leroy, Kansas, 8749",2018-08-11T01:14:16 -01:00
61,true,"$2,765.27",24,blue,Vicky Logan,female,BOILICON,vickylogan@boilicon.com,+1 (985) 504-2017,"480 Church Avenue, Kidder, Wisconsin, 7760",2014-02-06T12:51:09 -00:00
62,false,"$2,681.89",20,brown,Ewing Merrill,male,ZEDALIS,ewingmerrill@zedalis.com,+1 (992) 400-2960,"354 Butler Place, Strykersville, Iowa, 4851",2020-12-04T05:08:55 -00:00
63,false,"$2,229.95",22,blue,Celina Frazier,female,BUZZWORKS,celinafrazier@buzzworks.com,+1 (867) 573-2969,"140 Canton Court, Matthews, New Mexico, 5762",2019-09-10T03:12:57 -01:00
64,false,"$1,342.27",31,green,Warner Faulkner,male,DATACATOR,warnerfaulkner@datacator.com,+1 (961) 556-3928,"954 Melrose Street, Bath, Ohio, 8041",2014-10-28T07:29:13 -00:00
65,true,"$2,946.58",37,green,Price Knight,male,ASIMILINE,priceknight@asimiline.com,+1 (865) 552-2558,"120 Knight Court, Davenport, Kentucky, 8635",2015-12-27T10:12:59 -00:00
66,false,"$2,045.24",34,brown,Kay Leblanc,female,CHORIZON,kayleblanc@chorizon.com,+1 (861) 542-2671,"194 Tennis Court, Rew, New York, 4480",2021-03-05T02:22:37 -00:00
67,false,"$3,145.90",31,blue,Hebert Griffith,male,CYTREK,hebertgriffith@cytrek.com,+1 (886) 600-3024,"823 Seacoast Terrace, Hachita, Alabama, 1412",2017-08-07T09:20:16 -01:00
68,true,"$3,911.26",22,brown,Mcpherson Strickland,male,RECRITUBE,mcphersonstrickland@recritube.com,+1 (849) 494-3271,"308 Kane Place, Northridge, District Of Columbia, 6465",2020-02-08T06:27:14 -00:00
69,true,"$1,416.19",24,blue,Hancock Knowles,male,CANDECOR,hancockknowles@candecor.com,+1 (842) 489-2896,"391 Adelphi Street, Gwynn, Arkansas, 7446",2014-06-30T11:30:27 -01:00
70,false,"$3,468.21",35,green,Carol Patterson,female,TSUNAMIA,carolpatterson@tsunamia.com,+1 (953) 433-3346,"236 Martense Street, Trail, Maine, 2717",2018-11-17T09:56:51 -00:00
71,true,"$1,787.74",20,blue,Velma Mcbride,female,OVOLO,velmamcbride@ovolo.com,+1 (980) 422-2156,"923 Beaver Street, Yardville, New Hampshire, 5837",2014-08-19T03:27:09 -01:00
72,false,"$2,128.95",30,brown,Melisa Duffy,female,GONKLE,melisaduffy@gonkle.com,+1 (945) 580-2792,"624 Sedgwick Street, Eggertsville, Marshall Islands, 5439",2014-12-04T09:28:16 -00:00
73,true,"$3,095.08",32,blue,Campbell Curtis,male,PYRAMAX,campbellcurtis@pyramax.com,+1 (951) 419-3513,"101 Gerry Street, Riceville, Louisiana, 3463",2019-09-04T10:47:18 -01:00
74,true,"$2,832.19",35,brown,Valencia Smith,male,EQUITOX,valenciasmith@equitox.com,+1 (972) 499-2011,"142 Thomas Street, Gila, Federated States Of Micronesia, 6396",2021-04-06T04:19:15 -01:00
75,false,"$2,285.16",26,green,Tara Cohen,female,ACCUFARM,taracohen@accufarm.com,+1 (910) 450-2310,"958 Beayer Place, Singer, Illinois, 9719",2016-10-25T09:10:13 -01:00
76,true,"$2,334.19",23,green,Hughes Greene,male,JUMPSTACK,hughesgreene@jumpstack.com,+1 (878) 544-3922,"387 Agate Court, Rivers, American Samoa, 5000",2016-06-19T03:05:34 -01:00
77,true,"$2,353.53",26,brown,Kendra Branch,female,ZOLAVO,kendrabranch@zolavo.com,+1 (892) 431-2503,"701 Hinsdale Street, Felt, Massachusetts, 608",2015-02-15T04:02:06 -00:00
78,true,"$2,705.40",33,green,Jimmie Baird,female,KAGGLE,jimmiebaird@kaggle.com,+1 (992) 537-3981,"112 Summit Street, Loyalhanna, Northern Mariana Islands, 1521",2020-02-13T02:53:43 -00:00
79,false,"$1,856.50",29,brown,Bernice Murray,female,SUREMAX,bernicemurray@suremax.com,+1 (921) 527-3818,"489 Dunne Court, Sedley, Rhode Island, 2753",2019-09-13T10:02:09 -01:00
80,false,"$1,650.85",31,brown,Maldonado Marquez,male,ANARCO,maldonadomarquez@anarco.com,+1 (965) 400-3136,"758 Menahan Street, Lindisfarne, New Jersey, 8191",2019-08-27T10:30:51 -01:00
81,false,"$1,854.20",34,green,Golden Compton,male,NETUR,goldencompton@netur.com,+1 (990) 475-2141,"854 Cozine Avenue, Echo, Montana, 9709",2017-08-06T04:16:50 -01:00
82,false,"$3,220.05",22,green,Sherri Battle,female,CAXT,sherribattle@caxt.com,+1 (960) 433-2883,"308 McKibben Street, Wikieup, Hawaii, 7791",2018-10-08T03:45:22 -01:00
83,true,"$2,497.39",34,green,Shelby Carey,female,WARETEL,shelbycarey@waretel.com,+1 (800) 463-3598,"672 Jardine Place, Keyport, Georgia, 2507",2015-08-03T05:01:40 -01:00
84,true,"$3,344.36",20,blue,Sharon Jefferson,female,TYPHONICA,sharonjefferson@typhonica.com,+1 (869) 594-3230,"693 Scholes Street, Austinburg, Oklahoma, 8576",2014-10-03T05:08:04 -01:00
85,true,"$3,972.40",22,green,Carmella Medina,female,ATGEN,carmellamedina@atgen.com,+1 (859) 426-3467,"852 Rochester Avenue, Longoria, Michigan, 9769",2020-08-22T02:43:54 -01:00
86,false,"$1,052.84",26,brown,Ana Haley,female,PASTURIA,anahaley@pasturia.com,+1 (812) 440-2542,"111 Quentin Street, Ribera, North Carolina, 8421",2018-10-15T08:09:00 -01:00
87,false,"$2,000.39",23,green,Ida Sweeney,female,TWIIST,idasweeney@twiist.com,+1 (916) 496-3491,"595 Sands Street, Wells, Utah, 8232",2020-06-18T11:32:09 -01:00
88,true,"$2,235.72",38,green,Geneva Delacruz,female,CIRCUM,genevadelacruz@circum.com,+1 (869) 578-2954,"215 Dumont Avenue, Nelson, Florida, 4620",2016-11-03T11:59:46 -00:00
89,false,"$1,567.86",38,brown,Guzman Marks,male,IMPERIUM,guzmanmarks@imperium.com,+1 (804) 572-3158,"513 Charles Place, Nicut, Nevada, 8767",2021-10-04T03:21:00 -01:00
90,true,"$1,061.53",29,brown,Gay Valenzuela,male,ERSUM,gayvalenzuela@ersum.com,+1 (971) 550-2982,"743 Delmonico Place, Clinton, Alaska, 7591",2022-04-20T09:58:38 -01:00
91,true,"$3,302.46",36,brown,Francesca Alexander,female,BEADZZA,francescaalexander@beadzza.com,+1 (837) 544-2675,"871 Harbor Lane, Sunwest, Wyoming, 922",2016-05-23T12:16:28 -01:00
92,true,"$3,576.64",26,green,Audra Clay,female,EXTRAGENE,audraclay@extragene.com,+1 (833) 519-2424,"656 Lewis Place, Gratton, Puerto Rico, 9189",2020-08-13T10:13:07 -01:00
93,false,"$2,412.95",27,green,Kemp Pollard,male,EWEVILLE,kemppollard@eweville.com,+1 (904) 496-3533,"717 George Street, Sterling, West Virginia, 2536",2017-06-09T04:04:58 -01:00
94,true,"$3,896.84",32,brown,Lorrie Sampson,female,ROTODYNE,lorriesampson@rotodyne.com,+1 (895) 495-2873,"995 Ford Street, Wilsonia, Nebraska, 9152",2018-07-22T04:29:20 -01:00
95,false,"$3,846.77",28,green,Rosalind Sparks,female,RODEOLOGY,rosalindsparks@rodeology.com,+1 (926) 465-2024,"920 Poplar Avenue, Skyland, Texas, 4760",2014-11-29T03:23:29 -00:00
96,true,"$2,786.34",25,green,Karina Dixon,female,ZOINAGE,karinadixon@zoinage.com,+1 (837) 446-2280,"780 Box Street, Golconda, Idaho, 197",2015-05-16T09:47:49 -01:00
97,true,"$3,231.66",27,green,Farley Sherman,male,CEMENTION,farleysherman@cemention.com,+1 (898) 412-2166,"415 Sullivan Street, Reno, Missouri, 6750",2019-07-01T02:56:06 -01:00
98,false,"$3,923.91",40,brown,Kirby Alvarez,male,ENJOLA,kirbyalvarez@enjola.com,+1 (903) 519-3265,"797 Kings Place, Jamestown, Connecticut, 3298",2018-03-06T07:51:12 -00:00
99,false,"$1,012.97",20,green,Lawanda Garrison,female,KINDALOO,lawandagarrison@kindaloo.com,+1 (863) 533-2009,"329 Fuller Place, Worcester, Oregon, 2097",2014-05-24T10:13:23 -01:00
100,false,"$1,732.86",28,blue,Dejesus Sutton,male,OBONES,dejesussutton@obones.com,+1 (984) 589-3827,"341 Hunts Lane, Graball, Delaware, 3952",2017-07-10T03:45:31 -01:00
101,true,"$2,704.75",21,green,Marisa Kennedy,female,SKINSERVE,marisakennedy@skinserve.com,+1 (987) 474-2060,"503 Garnet Street, Abrams, Arizona, 282",2019-09-05T04:50:17 -01:00
102,true,"$3,869.78",33,blue,Charlotte Emerson,female,ORBIFLEX,charlotteemerson@orbiflex.com,+1 (906) 557-2480,"667 Prince Street, Waterloo, Palau, 9895",2015-09-26T03:50:45 -01:00
103,false,"$2,449.07",26,blue,Hess Yang,male,AQUASURE,hessyang@aquasure.com,+1 (887) 407-2727,"842 Mill Lane, Enetai, Indiana, 2763",2014-05-14T04:55:31 -01:00
104,true,"$2,268.94",26,blue,Cruz Padilla,male,ZBOO,cruzpadilla@zboo.com,+1 (980) 501-2096,"546 Richmond Street, Convent, North Dakota, 3167",2017-07-08T12:59:09 -01:00
105,true,"$1,388.19",38,brown,Johnson Sears,male,BUNGA,johnsonsears@bunga.com,+1 (942) 586-2182,"934 Coles Street, Rodman, Virginia, 8240",2016-01-16T07:57:06 -00:00
106,false,"$1,974.99",37,brown,Bowen Dennis,male,OCTOCORE,bowendennis@octocore.com,+1 (829) 457-2065,"335 Burnett Street, Itmann, Maryland, 4152",2019-10-27T07:38:16 -00:00
107,false,"$3,510.11",23,brown,Love Austin,male,NEUROCELL,loveaustin@neurocell.com,+1 (943) 405-3687,"633 Joval Court, Dixonville, Virgin Islands, 3737",2015-01-03T04:06:00 -00:00
108,true,"$1,045.46",29,brown,Dunlap Heath,male,PIGZART,dunlapheath@pigzart.com,+1 (926) 584-3531,"451 Hull Street, Nash, Tennessee, 3476",2014-12-14T09:09:52 -00:00
109,true,"$2,607.91",33,brown,Ferguson Waller,male,BULLZONE,fergusonwaller@bullzone.com,+1 (999) 496-3158,"351 Hoyts Lane, Bennett, Pennsylvania, 5389",2014-04-03T01:11:26 -01:00
110,false,"$3,943.51",21,brown,Christian Howell,female,MARQET,christianhowell@marqet.com,+1 (995) 507-2587,"625 Underhill Avenue, Chaparrito, Vermont, 2373",2018-10-07T09:51:19 -01:00
111,true,"$1,192.73",20,brown,Turner Glover,male,ORBAXTER,turnerglover@orbaxter.com,+1 (887) 552-3627,"706 Milton Street, Floriston, Guam, 220",2014-10-16T03:21:35 -01:00
112,true,"$2,964.83",28,blue,Ashlee Hays,female,GENMY,ashleehays@genmy.com,+1 (911) 451-2246,"821 Beard Street, Chase, Mississippi, 8489",2018-06-06T07:20:05 -01:00
113,true,"$3,368.08",31,brown,Eileen Reilly,female,SINGAVERA,eileenreilly@singavera.com,+1 (850) 533-3453,"532 Amersfort Place, Taft, Colorado, 2511",2019-09-30T05:53:29 -01:00
114,false,"$2,454.31",21,blue,Burks Gray,male,APEXIA,burksgray@apexia.com,+1 (825) 524-3203,"792 Cobek Court, Beason, California, 166",2019-07-21T03:31:03 -01:00
115,false,"$1,114.37",25,green,Sears Gallagher,male,RODEOCEAN,searsgallagher@rodeocean.com,+1 (993) 467-2834,"213 Clifford Place, Nescatunga, South Carolina, 8160",2020-12-03T03:32:47 -00:00
116,true,"$2,031.06",27,blue,Lea Schmidt,female,KYAGURU,leaschmidt@kyaguru.com,+1 (830) 401-3189,"354 Albemarle Road, Dundee, Washington, 9639",2022-04-07T05:16:13 -01:00
117,false,"$3,837.44",33,blue,Fay Conway,female,GENEKOM,fayconway@genekom.com,+1 (875) 531-2660,"524 Aberdeen Street, Maxville, Minnesota, 9413",2014-08-27T12:13:59 -01:00
118,false,"$3,907.27",32,blue,Sophie Buchanan,female,COWTOWN,sophiebuchanan@cowtown.com,+1 (832) 465-2788,"367 Crescent Street, Allison, Kansas, 6168",2021-09-09T08:18:09 -01:00
119,true,"$3,330.75",33,blue,Hodges Holden,male,XIXAN,hodgesholden@xixan.com,+1 (899) 592-3804,"728 Nelson Street, Wauhillau, Wisconsin, 4208",2014-05-01T03:49:54 -01:00
120,true,"$3,697.98",29,brown,Estes Prince,male,CHILLIUM,estesprince@chillium.com,+1 (912) 546-2447,"674 Stone Avenue, Sidman, Iowa, 2003",2020-04-25T10:44:48 -01:00
121,false,"$2,791.80",32,brown,Atkins Palmer,male,KENGEN,atkinspalmer@kengen.com,+1 (867) 418-3990,"788 Vermont Street, Snowville, New Mexico, 5150",2016-11-08T07:14:14 -00:00
122,true,"$2,549.65",24,brown,Daniel Randall,male,ENTHAZE,danielrandall@enthaze.com,+1 (909) 559-3111,"546 Micieli Place, Edenburg, Ohio, 3520",2017-04-14T03:02:51 -01:00
123,false,"$1,212.88",21,brown,Susanne Wallace,female,OHMNET,susannewallace@ohmnet.com,+1 (869) 455-2365,"299 Taylor Street, Thynedale, Kentucky, 3179",2018-11-16T04:46:55 -00:00
124,true,"$3,511.85",40,blue,Church Rosario,male,CABLAM,churchrosario@cablam.com,+1 (929) 521-3379,"922 Herkimer Court, Virgie, New York, 3146",2021-11-07T11:34:39 -00:00
125,true,"$3,995.97",21,green,Morrison Rose,male,EXOSPEED,morrisonrose@exospeed.com,+1 (961) 435-2607,"943 Bokee Court, Gorham, Alabama, 511",2017-04-06T10:02:48 -01:00
126,true,"$2,338.51",28,blue,Jennifer Hodge,female,XYMONK,jenniferhodge@xymonk.com,+1 (853) 529-3667,"822 Montieth Street, Monument, District Of Columbia, 7837",2020-04-30T09:45:56 -01:00
127,true,"$2,570.65",38,green,Kim Pickett,male,QUILCH,kimpickett@quilch.com,+1 (899) 420-2547,"104 Moore Street, Zortman, Arkansas, 6712",2015-03-12T12:06:57 -00:00
128,true,"$1,041.00",20,brown,Fernandez Wynn,male,BLANET,fernandezwynn@blanet.com,+1 (905) 403-2377,"999 Havemeyer Street, Blende, Maine, 4099",2021-07-02T01:27:29 -01:00
129,true,"$1,511.77",24,brown,Hogan Fleming,male,EARGO,hoganfleming@eargo.com,+1 (807) 437-3519,"105 Navy Walk, Homestead, New Hampshire, 5070",2016-04-28T02:37:50 -01:00
130,false,"$3,928.61",23,brown,Jeanette Jimenez,female,SATIANCE,jeanettejimenez@satiance.com,+1 (939) 563-2544,"601 Catherine Street, Chesapeake, Marshall Islands, 6807",2016-04-01T06:58:26 -01:00
131,true,"$3,466.46",20,green,Vaughan Sawyer,male,HOMETOWN,vaughansawyer@hometown.com,+1 (927) 479-2069,"809 Court Square, Faywood, Louisiana, 2592",2017-04-16T03:53:06 -01:00
132,false,"$3,057.96",29,green,Contreras Espinoza,male,IRACK,contrerasespinoza@irack.com,+1 (899) 508-2577,"301 Prospect Place, Frank, Federated States Of Micronesia, 212",2022-01-26T05:17:36 -00:00
133,false,"$3,528.31",40,green,Hobbs Schneider,male,SPRINGBEE,hobbsschneider@springbee.com,+1 (833) 581-3318,"636 Sedgwick Place, Hiseville, Illinois, 2333",2016-12-04T11:34:45 -00:00
134,true,"$2,864.05",23,green,Nicholson Downs,male,QUIZMO,nicholsondowns@quizmo.com,+1 (985) 594-3741,"390 Commercial Street, Robbins, American Samoa, 5409",2020-08-24T09:11:01 -01:00
135,false,"$2,297.50",32,brown,Randi Barlow,female,ZEROLOGY,randibarlow@zerology.com,+1 (887) 526-3987,"557 Whitty Lane, Cherokee, Massachusetts, 9823",2019-07-30T05:41:06 -01:00
136,false,"$2,658.58",28,green,Valdez Reese,male,PARAGONIA,valdezreese@paragonia.com,+1 (827) 559-3995,"861 Brigham Street, Gasquet, Northern Mariana Islands, 9194",2016-04-15T12:03:15 -01:00
137,true,"$1,550.33",27,brown,Liza Anderson,female,ISOLOGICS,lizaanderson@isologics.com,+1 (823) 587-2166,"356 Eagle Street, Juntura, Rhode Island, 9038",2021-02-03T07:39:13 -00:00
138,true,"$3,191.15",39,green,Mcfadden Rollins,male,ZILLIDIUM,mcfaddenrollins@zillidium.com,+1 (894) 420-2801,"639 Jackson Street, Camptown, New Jersey, 5366",2020-05-23T08:49:21 -01:00
139,false,"$3,668.61",38,blue,Cardenas Tanner,male,FLOTONIC,cardenastanner@flotonic.com,+1 (805) 521-3181,"441 Hoyt Street, Salix, Montana, 3127",2014-08-15T01:58:07 -01:00
140,false,"$3,801.76",24,blue,Alfreda Watts,female,COLUMELLA,alfredawatts@columella.com,+1 (831) 568-2264,"566 Rewe Street, Volta, Hawaii, 9501",2022-05-16T07:28:20 -01:00
141,true,"$3,936.25",24,green,Cain Gould,male,MOLTONIC,caingould@moltonic.com,+1 (807) 497-3351,"802 Falmouth Street, Sabillasville, Georgia, 4817",2022-02-28T08:02:48 -00:00
142,false,"$3,442.01",33,blue,Dunn Hess,male,DANCERITY,dunnhess@dancerity.com,+1 (859) 546-3261,"953 Manhattan Avenue, Terlingua, Oklahoma, 7835",2018-06-08T03:26:10 -01:00
143,true,"$3,912.69",30,green,Osborn Noble,male,SPACEWAX,osbornnoble@spacewax.com,+1 (958) 528-3171,"755 Logan Street, Canterwood, Michigan, 6486",2018-11-18T08:36:09 -00:00
144,false,"$3,245.08",20,blue,Mathis Barnett,male,ZIGGLES,mathisbarnett@ziggles.com,+1 (807) 414-3839,"544 Willoughby Street, Yonah, North Carolina, 2686",2019-10-20T03:54:37 -01:00
145,false,"$3,051.83",33,green,Clarke Sexton,male,QUONK,clarkesexton@quonk.com,+1 (813) 488-3779,"419 Dodworth Street, Elfrida, Utah, 1120",2019-02-14T09:20:35 -00:00
146,true,"$2,339.44",25,blue,Knapp Solomon,male,COMVEYER,knappsolomon@comveyer.com,+1 (816) 415-2005,"677 Varick Avenue, Rosburg, Florida, 7804",2016-08-03T10:13:51 -01:00
147,true,"$1,106.38",24,blue,Luz Dyer,female,GEEKWAGON,luzdyer@geekwagon.com,+1 (873) 504-3440,"760 Hope Street, Cecilia, Nevada, 1091",2020-12-16T01:01:39 -00:00
148,true,"$2,547.41",37,blue,Ruiz Mathis,male,ENTOGROK,ruizmathis@entogrok.com,+1 (950) 411-2012,"652 Henderson Walk, Blairstown, Alaska, 9850",2019-07-04T02:24:40 -01:00
149,false,"$1,669.69",40,green,Lorraine Marsh,female,DANCITY,lorrainemarsh@dancity.com,+1 (950) 575-2021,"877 Union Street, Jacumba, Wyoming, 1732",2022-04-12T10:16:19 -01:00
150,true,"$1,851.34",34,green,Deana Cortez,female,APPLICA,deanacortez@applica.com,+1 (926) 594-3299,"168 Lynch Street, Bowden, Puerto Rico, 5947",2016-05-16T06:47:36 -01:00
151,true,"$1,583.32",31,brown,Massey Rowland,male,NEPTIDE,masseyrowland@neptide.com,+1 (937) 485-3403,"229 Plymouth Street, Temperanceville, West Virginia, 3470",2014-07-25T05:24:38 -01:00
152,true,"$3,378.31",24,green,Rollins Craig,male,TECHTRIX,rollinscraig@techtrix.com,+1 (844) 513-2455,"215 Engert Avenue, Gorst, Nebraska, 4722",2018-07-14T02:04:43 -01:00
153,true,"$2,284.06",27,brown,Heath Browning,male,SKYPLEX,heathbrowning@skyplex.com,+1 (945) 571-2676,"969 Downing Street, Denio, Texas, 8099",2021-07-14T07:15:09 -01:00
154,true,"$1,715.19",32,brown,Tate Lester,male,ENERSAVE,tatelester@enersave.com,+1 (884) 531-3890,"733 Union Avenue, Sylvanite, Idaho, 3549",2021-09-20T11:04:26 -01:00
155,true,"$2,880.07",32,brown,Gabriela Atkins,female,ISOLOGIA,gabrielaatkins@isologia.com,+1 (803) 524-3798,"973 Exeter Street, Churchill, Missouri, 5081",2015-02-18T12:26:28 -00:00
156,true,"$3,508.57",25,brown,Erna Nichols,female,ZAPHIRE,ernanichols@zaphire.com,+1 (959) 444-3334,"110 Chapel Street, Finderne, Connecticut, 4031",2019-05-09T01:44:33 -01:00
157,true,"$3,777.57",29,brown,Good Stanley,male,ZOARERE,goodstanley@zoarere.com,+1 (954) 467-3006,"440 Lake Street, Farmers, Oregon, 3346",2021-06-16T06:40:18 -01:00
158,false,"$2,377.37",40,green,Gallagher Bradford,male,GADTRON,gallagherbradford@gadtron.com,+1 (854) 479-3110,"708 Montrose Avenue, Succasunna, Delaware, 8486",2015-07-01T05:40:41 -01:00
159,true,"$3,588.57",21,green,Nadia Sykes,female,HELIXO,nadiasykes@helixo.com,+1 (847) 412-2336,"122 Stoddard Place, Movico, Arizona, 576",2015-09-06T09:35:07 -01:00
160,false,"$2,888.48",35,blue,Ester Vang,female,XERONK,estervang@xeronk.com,+1 (898) 599-3655,"877 Lorimer Street, Umapine, Palau, 9923",2020-11-19T12:07:09 -00:00
161,true,"$1,245.62",31,brown,Stanley Webb,male,VORTEXACO,stanleywebb@vortexaco.com,+1 (880) 440-3255,"961 Erasmus Street, Hegins, Indiana, 7736",2020-06-28T11:11:25 -01:00
162,true,"$3,411.18",31,blue,Hill Nolan,male,ORGANICA,hillnolan@organica.com,+1 (890) 589-2274,"216 Lamont Court, Ezel, North Dakota, 7719",2018-01-19T07:34:31 -00:00
163,true,"$2,474.53",21,green,Tonia Lott,female,QABOOS,tonialott@qaboos.com,+1 (822) 493-2806,"745 Irwin Street, Lydia, Virginia, 2784",2017-05-08T12:59:14 -01:00
164,true,"$2,278.76",40,blue,Sawyer Britt,male,IMKAN,sawyerbritt@imkan.com,+1 (904) 504-3533,"666 Chester Street, Brule, Maryland, 1826",2016-06-20T07:28:04 -01:00
165,true,"$3,514.88",30,brown,Irma Mcmillan,female,KAGE,irmamcmillan@kage.com,+1 (804) 417-3617,"922 Nova Court, Concho, Virgin Islands, 1241",2017-01-19T12:09:18 -00:00
166,true,"$3,502.13",33,brown,Kimberley French,female,PROWASTE,kimberleyfrench@prowaste.com,+1 (822) 534-2008,"357 Beach Place, Bethany, Tennessee, 2046",2020-01-14T02:09:41 -00:00
167,true,"$3,110.80",40,green,Lisa Mendoza,female,GROK,lisamendoza@grok.com,+1 (863) 478-3980,"590 Minna Street, Brazos, Pennsylvania, 3532",2016-04-20T10:56:13 -01:00
168,true,"$3,904.72",40,blue,Franks Tran,male,ECOSYS,frankstran@ecosys.com,+1 (975) 506-3550,"502 Fenimore Street, Brantleyville, Vermont, 7453",2021-04-26T01:29:55 -01:00
169,true,"$3,726.79",37,brown,Francisca Boyle,female,ACUSAGE,franciscaboyle@acusage.com,+1 (974) 478-3907,"616 Myrtle Avenue, Mooresburg, Guam, 2308",2016-11-16T08:30:22 -00:00
170,false,"$3,444.03",28,blue,Ila Aguirre,female,VERTIDE,ilaaguirre@vertide.com,+1 (917) 405-2290,"739 Legion Street, Croom, Mississippi, 8706",2015-07-23T09:19:57 -01:00
171,true,"$2,215.19",21,green,Christine Ellison,female,ZOLAREX,christineellison@zolarex.com,+1 (880) 554-3815,"942 Clermont Avenue, Draper, Colorado, 2162",2018-01-12T02:45:54 -00:00
172,false,"$3,956.99",39,brown,Fran Mills,female,VERBUS,franmills@verbus.com,+1 (878) 545-2362,"459 Gain Court, National, California, 4285",2020-10-19T03:06:15 -01:00
173,false,"$3,406.16",33,brown,Preston Whitaker,male,SOPRANO,prestonwhitaker@soprano.com,+1 (898) 567-3366,"888 Matthews Place, Axis, South Carolina, 3068",2020-05-28T10:49:59 -01:00
174,false,"$3,983.91",23,blue,Patrick Brewer,male,COMTENT,patrickbrewer@comtent.com,+1 (845) 501-2189,"473 Ide Court, Tyro, Washington, 2942",2020-05-10T05:22:21 -01:00
175,true,"$3,448.91",25,brown,Colette Warner,female,PORTICO,colettewarner@portico.com,+1 (804) 465-2846,"750 Fayette Street, Eastvale, Minnesota, 884",2018-06-25T11:12:58 -01:00
176,false,"$1,298.50",40,brown,Pam Collier,female,MEDIFAX,pamcollier@medifax.com,+1 (822) 555-3361,"488 Ferry Place, Cliff, Kansas, 2123",2014-04-16T11:26:08 -01:00
177,false,"$2,392.35",36,green,Janelle Shaffer,female,ORBIXTAR,janelleshaffer@orbixtar.com,+1 (846) 585-2422,"226 Batchelder Street, Grill, Wisconsin, 7976",2021-05-02T07:55:22 -01:00
178,true,"$2,814.60",29,blue,Williamson Rosales,male,ACCUSAGE,williamsonrosales@accusage.com,+1 (879) 508-2582,"559 Eastern Parkway, Swartzville, Iowa, 3136",2018-07-02T09:53:57 -01:00
179,true,"$2,009.77",21,green,Pearson Bullock,male,ACCIDENCY,pearsonbullock@accidency.com,+1 (819) 545-2836,"144 Juliana Place, Seymour, New Mexico, 4703",2015-12-20T05:22:40 -00:00
180,false,"$2,431.46",23,blue,Mindy Vazquez,female,EZENT,mindyvazquez@ezent.com,+1 (969) 541-2395,"580 Clark Street, Canoochee, Ohio, 1359",2015-10-22T07:28:30 -01:00
181,false,"$3,390.51",36,green,Miles Haynes,male,GINKOGENE,mileshaynes@ginkogene.com,+1 (824) 568-3886,"386 Bowery Street, Ada, Kentucky, 1637",2018-06-12T10:42:03 -01:00
182,true,"$1,227.27",32,brown,Stacy Preston,female,EXTREMO,stacypreston@extremo.com,+1 (868) 413-3640,"995 Meserole Avenue, Coral, New York, 9322",2015-03-16T01:31:48 -00:00
183,false,"$1,723.82",31,green,Gibbs Swanson,male,GEEKNET,gibbsswanson@geeknet.com,+1 (836) 568-3829,"614 Melba Court, Chical, Alabama, 2393",2017-12-13T09:40:09 -00:00
184,true,"$2,185.66",35,brown,Rosalyn Rowe,female,NETERIA,rosalynrowe@neteria.com,+1 (922) 421-3888,"196 Norwood Avenue, Conway, District Of Columbia, 9982",2015-12-09T04:44:28 -00:00
185,false,"$2,566.60",22,green,Connie Goff,female,PERKLE,conniegoff@perkle.com,+1 (909) 436-3996,"148 Bayview Avenue, Norwood, Arkansas, 2062",2022-04-05T02:13:50 -01:00
186,false,"$3,324.26",40,brown,Angelique Macdonald,female,EXIAND,angeliquemacdonald@exiand.com,+1 (819) 467-2793,"672 Imlay Street, Connerton, Maine, 5156",2018-08-27T07:34:07 -01:00
187,false,"$3,074.58",31,green,Jewell Martin,female,DRAGBOT,jewellmartin@dragbot.com,+1 (976) 526-2405,"809 Bay Street, Kylertown, New Hampshire, 9486",2018-07-01T09:40:22 -01:00
188,true,"$2,690.45",22,green,Roy Conley,male,BULLJUICE,royconley@bulljuice.com,+1 (815) 454-2581,"234 Hart Place, Aguila, Marshall Islands, 4283",2014-07-01T05:18:26 -01:00
189,true,"$3,069.49",31,green,Jeannie Manning,female,SUNCLIPSE,jeanniemanning@sunclipse.com,+1 (862) 439-2041,"834 Boynton Place, Nanafalia, Louisiana, 6735",2016-03-04T09:29:57 -00:00
190,true,"$2,243.59",34,green,Andrews Valencia,male,EARWAX,andrewsvalencia@earwax.com,+1 (983) 596-3432,"127 Clarkson Avenue, Martell, Federated States Of Micronesia, 6716",2014-07-29T07:10:29 -01:00
191,true,"$2,332.94",25,blue,Jackson Obrien,male,ENTALITY,jacksonobrien@entality.com,+1 (948) 504-2748,"504 Kensington Street, Epworth, Illinois, 4626",2021-08-08T07:03:57 -01:00
192,false,"$2,065.04",27,green,Bonnie Carney,female,ULTRIMAX,bonniecarney@ultrimax.com,+1 (987) 403-2390,"261 Loring Avenue, Websterville, American Samoa, 2997",2016-03-18T07:51:37 -00:00
193,false,"$3,007.87",38,blue,Lorna Sanders,female,TURNLING,lornasanders@turnling.com,+1 (969) 525-2767,"375 Stryker Court, Jenkinsville, Massachusetts, 1455",2014-01-08T06:03:59 -00:00
194,false,"$3,618.00",32,brown,Julia Keller,female,MARVANE,juliakeller@marvane.com,+1 (942) 556-2882,"396 Sharon Street, Cloverdale, Northern Mariana Islands, 7426",2016-08-16T09:54:46 -01:00
195,false,"$1,565.85",22,blue,Marlene Lloyd,female,PETICULAR,marlenelloyd@peticular.com,+1 (949) 415-3250,"408 Troutman Street, Walland, Rhode Island, 2718",2020-04-17T04:50:30 -01:00
196,true,"$2,571.45",35,green,Ivy Patel,female,MIRACULA,ivypatel@miracula.com,+1 (954) 564-3978,"166 Porter Avenue, Dragoon, New Jersey, 156",2020-08-17T10:52:04 -01:00
197,true,"$1,214.47",22,brown,Holmes Grimes,male,REPETWIRE,holmesgrimes@repetwire.com,+1 (965) 449-2368,"665 Strauss Street, Savannah, Montana, 9097",2018-12-10T02:26:14 -00:00
198,false,"$2,807.40",39,brown,Tina Dawson,female,GAZAK,tinadawson@gazak.com,+1 (883) 449-3257,"396 Fulton Street, Warsaw, Hawaii, 8554",2015-10-05T11:58:56 -01:00
199,true,"$2,891.35",23,blue,Webster Barr,male,PLASMOSIS,websterbarr@plasmosis.com,+1 (871) 545-2066,"893 Hamilton Avenue, Sanborn, Georgia, 9767",2015-06-05T10:08:29 -01:00
200,true,"$2,296.19",26,brown,Meyer Zamora,male,NORALEX,meyerzamora@noralex.com,+1 (953) 410-3703,"461 Hunterfly Place, Innsbrook, Oklahoma, 2103",2016-10-17T02:30:00 -01:00
201,false,"$2,270.95",26,green,Nona Campos,female,INRT,nonacampos@inrt.com,+1 (859) 465-2847,"243 Lott Street, Grandview, Michigan, 760",2014-06-24T04:51:17 -01:00
202,true,"$2,204.14",27,brown,Bruce Nunez,male,PYRAMIA,brucenunez@pyramia.com,+1 (950) 433-2638,"444 Borinquen Pl, Winesburg, North Carolina, 5585",2015-06-08T11:27:59 -01:00
203,true,"$1,521.79",38,green,Douglas Gamble,male,SHADEASE,douglasgamble@shadease.com,+1 (885) 474-3945,"148 Canarsie Road, Efland, Utah, 145",2016-11-04T06:03:17 -00:00
204,false,"$1,843.06",40,brown,Hammond Wilkinson,male,CINASTER,hammondwilkinson@cinaster.com,+1 (814) 503-3573,"467 Dorset Street, Kingstowne, Florida, 6743",2016-06-02T10:21:39 -01:00
205,true,"$1,024.00",33,green,Liz Hammond,female,PROXSOFT,lizhammond@proxsoft.com,+1 (838) 589-2505,"134 Meeker Avenue, Delco, Nevada, 4854",2020-02-05T09:52:58 -00:00
206,true,"$1,967.57",38,brown,Fowler Benjamin,male,FLYBOYZ,fowlerbenjamin@flyboyz.com,+1 (978) 594-2858,"920 Sunnyside Court, Delwood, Alaska, 3531",2022-04-02T02:28:48 -01:00
207,true,"$2,148.54",28,green,Bridges Holman,male,WRAPTURE,bridgesholman@wrapture.com,+1 (822) 476-2275,"809 Noble Street, Herald, Wyoming, 6344",2020-01-08T10:30:27 -00:00
208,false,"$2,798.51",24,brown,Morris Kinney,male,COLLAIRE,morriskinney@collaire.com,+1 (960) 480-2449,"772 Elm Place, Washington, Puerto Rico, 4096",2016-05-09T09:51:50 -01:00
209,false,"$3,803.10",27,blue,Finley Wyatt,male,LINGOAGE,finleywyatt@lingoage.com,+1 (845) 579-3394,"296 Nassau Street, Loretto, West Virginia, 4213",2016-04-01T08:47:38 -01:00
210,false,"$3,959.70",33,blue,Jarvis Phillips,male,VITRICOMP,jarvisphillips@vitricomp.com,+1 (930) 478-3421,"175 High Street, Fairhaven, Nebraska, 5184",2016-02-16T06:17:47 -00:00
211,true,"$1,116.23",33,green,Diana Long,female,COLAIRE,dianalong@colaire.com,+1 (895) 437-3655,"167 Homecrest Avenue, Woodlake, Texas, 2476",2018-10-17T05:41:51 -01:00
212,false,"$1,095.40",23,green,Lou Carter,female,ELECTONIC,loucarter@electonic.com,+1 (826) 565-3615,"971 Brown Street, Dodge, Idaho, 1708",2021-07-17T06:50:02 -01:00
213,true,"$3,644.11",28,green,Janette Hobbs,female,CENTICE,janettehobbs@centice.com,+1 (968) 536-3116,"545 Royce Street, Coyote, Missouri, 4319",2021-12-30T07:55:20 -00:00
214,true,"$2,833.45",26,green,Pamela Flores,female,GEEKMOSIS,pamelaflores@geekmosis.com,+1 (850) 496-2467,"791 Perry Terrace, Ventress, Connecticut, 3244",2014-03-23T10:10:14 -00:00
215,false,"$3,130.61",30,green,Harper Peterson,male,MANTRIX,harperpeterson@mantrix.com,+1 (837) 540-3654,"339 Montgomery Street, Dyckesville, Oregon, 7467",2014-03-16T10:00:24 -00:00
216,true,"$2,450.88",21,green,Pollard May,male,GRAINSPOT,pollardmay@grainspot.com,+1 (923) 481-3699,"678 Duryea Place, Helen, Delaware, 3957",2018-02-04T04:09:42 -00:00
217,true,"$1,989.51",24,green,Beverly Ware,female,BUZZMAKER,beverlyware@buzzmaker.com,+1 (835) 472-2459,"166 Adams Street, Blackgum, Arizona, 5170",2020-05-12T03:57:27 -01:00
218,true,"$1,382.16",20,blue,Lacey Rivera,female,TECHADE,laceyrivera@techade.com,+1 (976) 417-3077,"374 Dahlgreen Place, Spokane, Palau, 4025",2021-07-28T07:52:42 -01:00
219,false,"$2,842.83",35,brown,Burgess Blake,male,AQUAFIRE,burgessblake@aquafire.com,+1 (871) 422-2168,"742 Wortman Avenue, Edgar, Indiana, 5578",2017-06-07T02:33:20 -01:00
220,false,"$1,855.93",25,brown,Mcclure Joyner,male,TROLLERY,mcclurejoyner@trollery.com,+1 (925) 596-2077,"328 Sumpter Street, Jacksonwald, North Dakota, 6466",2021-09-02T05:40:17 -01:00
221,true,"$3,525.14",34,brown,Weiss Freeman,male,NIQUENT,weissfreeman@niquent.com,+1 (819) 428-3678,"359 Pershing Loop, Caln, Virginia, 9778",2021-11-05T06:03:47 -00:00
222,true,"$3,386.97",25,green,Daphne Mcpherson,female,TALKOLA,daphnemcpherson@talkola.com,+1 (979) 438-2684,"330 Boardwalk , Biehle, Maryland, 5438",2014-12-29T07:29:47 -00:00
223,true,"$1,761.41",25,blue,Forbes Callahan,male,KEGULAR,forbescallahan@kegular.com,+1 (951) 444-3400,"194 Rapelye Street, Sperryville, Virgin Islands, 1002",2021-03-05T01:14:00 -00:00
224,true,"$2,649.43",27,brown,Sarah Mcmahon,female,VELOS,sarahmcmahon@velos.com,+1 (993) 569-3354,"190 Himrod Street, Waiohinu, Tennessee, 2597",2019-05-21T08:35:02 -01:00
225,true,"$2,064.15",37,green,Lupe Perez,female,UNIA,lupeperez@unia.com,+1 (837) 429-2132,"178 Lloyd Court, Longbranch, Pennsylvania, 6506",2016-11-27T10:42:43 -00:00
226,true,"$3,601.17",21,blue,Veronica Riley,female,PROSURE,veronicariley@prosure.com,+1 (889) 473-2078,"626 Eldert Lane, Faxon, Vermont, 2304",2017-04-20T12:06:18 -01:00
227,true,"$1,498.45",26,green,Lucile Rush,female,EARTHPLEX,lucilerush@earthplex.com,+1 (895) 534-3568,"499 Orient Avenue, Richmond, Guam, 2349",2021-02-08T04:46:29 -00:00
228,true,"$2,415.37",29,brown,Molly Baldwin,female,ORBOID,mollybaldwin@orboid.com,+1 (913) 440-3115,"317 Lester Court, Kohatk, Mississippi, 3450",2019-07-11T04:19:43 -01:00
229,false,"$3,425.51",23,brown,Janell Short,female,SENMAO,janellshort@senmao.com,+1 (956) 469-2634,"227 Linden Street, Albany, Colorado, 6557",2018-06-07T09:16:13 -01:00
230,true,"$1,401.67",39,blue,Baker Cameron,male,ENTROFLEX,bakercameron@entroflex.com,+1 (818) 581-3608,"526 Driggs Avenue, Caspar, California, 5054",2015-08-01T06:35:42 -01:00
231,false,"$3,900.34",22,blue,Cabrera Knapp,male,QUARMONY,cabreraknapp@quarmony.com,+1 (871) 556-2336,"247 Rutledge Street, Idamay, South Carolina, 7318",2021-10-18T08:50:37 -01:00
232,false,"$1,173.28",35,brown,Diaz Hutchinson,male,KIOSK,diazhutchinson@kiosk.com,+1 (881) 556-2289,"383 Virginia Place, Kimmell, Washington, 2637",2017-12-31T06:24:28 -00:00
233,true,"$1,977.83",20,brown,Bright Vargas,male,ZYTREX,brightvargas@zytrex.com,+1 (829) 578-3454,"844 Midwood Street, Blodgett, Minnesota, 187",2019-03-16T12:01:38 -00:00
234,true,"$2,556.29",36,green,Dominique Rivas,female,KOG,dominiquerivas@kog.com,+1 (901) 418-2869,"458 Gold Street, Gouglersville, Kansas, 2845",2019-07-15T11:26:57 -01:00
235,true,"$2,118.67",32,brown,Alyson Frost,female,ZENSUS,alysonfrost@zensus.com,+1 (840) 546-2549,"281 Wolf Place, Eagleville, Wisconsin, 7357",2017-02-23T07:43:24 -00:00
236,false,"$3,861.33",21,brown,Nettie Moran,female,EXOTERIC,nettiemoran@exoteric.com,+1 (888) 505-3674,"418 Regent Place, Edinburg, Iowa, 1553",2017-03-10T11:16:49 -00:00
237,false,"$1,167.97",22,brown,Austin Richards,male,REMOTION,austinrichards@remotion.com,+1 (871) 558-3728,"760 Ovington Court, Lawrence, New Mexico, 2389",2016-10-12T05:43:22 -01:00
238,false,"$3,301.16",38,blue,Mckinney Joseph,male,KRAG,mckinneyjoseph@krag.com,+1 (802) 474-2118,"669 Williams Place, Steinhatchee, Ohio, 2255",2020-10-26T03:06:17 -00:00
239,true,"$2,896.74",34,green,Shannon Hardin,female,INFOTRIPS,shannonhardin@infotrips.com,+1 (995) 572-3539,"751 Miller Place, Kempton, Kentucky, 9404",2018-08-10T01:21:11 -01:00
240,true,"$1,302.32",35,blue,Robyn Orr,female,ORBIN,robynorr@orbin.com,+1 (854) 462-3262,"262 Grant Avenue, Troy, New York, 5496",2018-10-06T07:26:44 -01:00
241,false,"$3,098.18",35,brown,Glenda Burch,female,TELEPARK,glendaburch@telepark.com,+1 (939) 575-2512,"527 Henry Street, Lindcove, Alabama, 6095",2022-03-16T09:04:53 -00:00
242,true,"$3,365.09",22,green,Sheryl Sims,female,AMTAP,sherylsims@amtap.com,+1 (875) 547-2267,"183 Oceanview Avenue, Cowiche, District Of Columbia, 6148",2017-02-17T06:11:29 -00:00
243,false,"$1,861.26",36,brown,Imelda Keith,female,LYRICHORD,imeldakeith@lyrichord.com,+1 (962) 565-2568,"433 Cyrus Avenue, Neibert, Arkansas, 6895",2016-02-02T03:28:54 -00:00
244,true,"$2,773.28",24,brown,Magdalena Reyes,female,CONFERIA,magdalenareyes@conferia.com,+1 (863) 597-3340,"285 Bridgewater Street, Franklin, Maine, 780",2021-02-10T11:59:34 -00:00
245,false,"$1,350.35",28,green,Cara Wall,female,OVIUM,carawall@ovium.com,+1 (801) 438-3759,"806 Eldert Street, Genoa, New Hampshire, 3007",2020-04-30T02:01:00 -01:00
246,true,"$1,012.31",27,green,Lee Lynch,female,CALLFLEX,leelynch@callflex.com,+1 (899) 404-3140,"347 Albee Square, Loveland, Marshall Islands, 2580",2015-08-25T10:14:37 -01:00
247,true,"$3,820.96",34,blue,Allen Todd,male,GOLISTIC,allentodd@golistic.com,+1 (858) 543-3649,"307 Gunnison Court, Villarreal, Louisiana, 4978",2019-12-27T10:13:58 -00:00
248,true,"$3,359.58",34,brown,Perez Phelps,male,MAINELAND,perezphelps@maineland.com,+1 (878) 483-3581,"289 Colonial Road, Drummond, Federated States Of Micronesia, 7660",2018-08-10T12:15:58 -01:00
249,false,"$1,496.72",27,green,Sonia Lang,female,GEOFORMA,sonialang@geoforma.com,+1 (823) 570-2686,"344 Manor Court, Greensburg, Illinois, 7530",2018-12-16T08:06:49 -00:00
250,true,"$1,689.82",33,green,Evangeline Mccormick,female,COREPAN,evangelinemccormick@corepan.com,+1 (831) 539-3720,"903 Dobbin Street, Bartonsville, American Samoa, 3777",2017-07-24T07:20:11 -01:00
251,false,"$2,011.61",26,brown,Janine English,female,GORGANIC,janineenglish@gorganic.com,+1 (850) 475-2083,"854 Beadel Street, Kenwood, Massachusetts, 6024",2016-02-14T07:11:43 -00:00
252,true,"$2,674.76",20,blue,Christie Kane,female,BOILCAT,christiekane@boilcat.com,+1 (825) 556-2359,"174 Georgia Avenue, Sparkill, Northern Mariana Islands, 2293",2015-08-30T07:39:09 -01:00
253,true,"$3,564.05",24,green,Rodriquez Huber,male,PAPRIKUT,rodriquezhuber@paprikut.com,+1 (859) 402-3784,"454 Locust Street, Taycheedah, Rhode Island, 948",2017-06-26T08:11:14 -01:00
254,true,"$2,711.37",29,green,Chambers Jarvis,male,MANGLO,chambersjarvis@manglo.com,+1 (816) 566-3418,"397 Baltic Street, Oceola, New Jersey, 1108",2014-11-07T08:43:44 -00:00
255,true,"$3,101.13",39,green,Hale Lewis,male,ADORNICA,halelewis@adornica.com,+1 (914) 471-2355,"460 Grove Street, Stevens, Montana, 7893",2021-01-10T10:37:19 -00:00
256,true,"$3,654.10",20,brown,Vera Velez,female,GEEKY,veravelez@geeky.com,+1 (972) 472-2435,"918 Clove Road, Outlook, Hawaii, 965",2016-06-21T08:22:55 -01:00
257,true,"$3,135.44",38,brown,Boyd Gill,male,ISOSPHERE,boydgill@isosphere.com,+1 (803) 576-2243,"487 Howard Alley, Onton, Georgia, 3500",2016-03-23T05:10:18 -00:00
258,false,"$2,395.32",25,green,Cantu Velasquez,male,INEAR,cantuvelasquez@inear.com,+1 (974) 585-2562,"446 Williams Court, Martinsville, Oklahoma, 7131",2018-01-06T12:44:13 -00:00
259,false,"$3,381.66",37,green,Betty Houston,female,APPLIDECK,bettyhouston@applideck.com,+1 (976) 449-2086,"839 Hyman Court, Eagletown, Michigan, 4736",2015-05-15T06:33:37 -01:00
260,true,"$2,361.64",32,brown,Wilkinson Roberson,male,DOGNOSIS,wilkinsonroberson@dognosis.com,+1 (988) 419-2885,"570 Heyward Street, Ruckersville, North Carolina, 7966",2020-02-24T02:28:39 -00:00
261,false,"$1,533.01",32,brown,Irwin Parrish,male,BRAINQUIL,irwinparrish@brainquil.com,+1 (875) 482-2633,"639 Classon Avenue, Wadsworth, Utah, 998",2016-07-20T10:14:56 -01:00
262,false,"$2,488.67",40,brown,Holly West,female,ENDICIL,hollywest@endicil.com,+1 (993) 568-2230,"106 Harbor Court, Otranto, Florida, 8689",2017-04-04T09:41:10 -01:00
263,false,"$3,143.32",31,blue,Sallie Olson,female,OTHERSIDE,sallieolson@otherside.com,+1 (899) 583-3020,"612 Truxton Street, Hiko, Nevada, 5727",2014-12-04T02:37:20 -00:00
264,true,"$1,965.68",25,green,Wolf Holloway,male,GLEAMINK,wolfholloway@gleamink.com,+1 (960) 469-2335,"977 Barbey Street, Welch, Alaska, 2024",2020-05-13T12:45:34 -01:00
265,false,"$2,613.81",25,green,Spence Zimmerman,male,SENTIA,spencezimmerman@sentia.com,+1 (891) 485-3066,"705 Bergen Court, Bloomington, Wyoming, 5085",2021-10-23T09:33:05 -01:00
266,true,"$2,377.50",31,blue,Alisa Douglas,female,DUOFLEX,alisadouglas@duoflex.com,+1 (868) 452-3882,"691 Celeste Court, Fruitdale, Puerto Rico, 773",2019-05-27T12:27:51 -01:00
267,true,"$1,751.37",20,green,Rocha Nieves,male,KOZGENE,rochanieves@kozgene.com,+1 (908) 439-2426,"426 Carlton Avenue, Jennings, West Virginia, 7485",2014-04-04T11:19:42 -01:00
268,false,"$1,085.95",28,green,Mccormick Roy,male,QUANTALIA,mccormickroy@quantalia.com,+1 (813) 587-2546,"557 Buffalo Avenue, Wheatfields, Nebraska, 9829",2020-05-14T02:50:20 -01:00
269,false,"$2,244.20",25,blue,Odessa Morgan,female,COMSTRUCT,odessamorgan@comstruct.com,+1 (864) 460-2138,"562 McClancy Place, Bordelonville, Texas, 4660",2015-04-16T04:00:46 -01:00
270,false,"$2,816.10",25,brown,Cathryn Decker,female,COMTRAK,cathryndecker@comtrak.com,+1 (926) 407-3683,"104 Post Court, Robinette, Idaho, 897",2020-02-10T12:52:31 -00:00
271,false,"$2,617.58",24,brown,Tran Skinner,male,QUORDATE,transkinner@quordate.com,+1 (900) 536-2897,"825 Essex Street, Charco, Missouri, 8598",2018-02-24T04:53:59 -00:00
272,false,"$2,681.88",34,green,Terry Fowler,male,QUILM,terryfowler@quilm.com,+1 (884) 400-3559,"375 Hausman Street, Navarre, Connecticut, 2382",2016-06-23T10:42:17 -01:00
273,false,"$1,584.19",24,green,Lucinda Lee,female,DANJA,lucindalee@danja.com,+1 (980) 586-3735,"574 Roder Avenue, Sharon, Oregon, 6709",2015-03-25T04:12:54 -00:00
274,true,"$2,245.21",38,blue,Marilyn Clarke,female,EVIDENDS,marilynclarke@evidends.com,+1 (965) 442-3424,"695 Drew Street, Starks, Delaware, 6611",2020-10-30T07:15:23 -00:00
275,true,"$2,838.37",23,blue,Clemons Garrett,male,DIGIFAD,clemonsgarrett@digifad.com,+1 (861) 416-3720,"350 Liberty Avenue, Lewis, Arizona, 8704",2021-03-26T01:21:19 -00:00
276,true,"$1,718.60",34,green,Wilkins Cannon,male,VIDTO,wilkinscannon@vidto.com,+1 (833) 556-3578,"808 Bond Street, Brutus, Palau, 9687",2020-03-11T03:54:15 -00:00
277,true,"$2,013.82",23,blue,Woods Bennett,male,COSMETEX,woodsbennett@cosmetex.com,+1 (848) 509-3978,"243 Anchorage Place, Rosedale, Indiana, 122",2020-07-05T07:30:33 -01:00
278,false,"$1,446.01",33,brown,Joanna Stokes,female,KENEGY,joannastokes@kenegy.com,+1 (831) 415-3973,"366 Bristol Street, Westwood, North Dakota, 2229",2021-10-15T10:58:31 -01:00
279,false,"$1,964.69",27,blue,Janis Haney,female,ZILLATIDE,janishaney@zillatide.com,+1 (964) 592-3926,"679 Suydam Street, Brady, Virginia, 9057",2014-05-08T03:23:50 -01:00
280,false,"$1,568.68",23,green,Julie Yates,female,DADABASE,julieyates@dadabase.com,+1 (859) 432-2810,"700 Pine Street, Cawood, Maryland, 5398",2015-02-06T11:39:15 -00:00
281,true,"$1,799.29",30,green,Blankenship Pace,male,NORSUP,blankenshippace@norsup.com,+1 (971) 574-3177,"322 Hutchinson Court, Reinerton, Virgin Islands, 5858",2015-01-22T05:17:32 -00:00
282,false,"$1,446.12",26,green,Hardin Sharp,male,COFINE,hardinsharp@cofine.com,+1 (818) 529-3461,"257 Bartlett Street, Avalon, Tennessee, 2057",2022-04-06T08:44:15 -01:00
283,false,"$3,733.49",35,green,Gilda Sanchez,female,DIGINETIC,gildasanchez@diginetic.com,+1 (800) 490-2892,"418 Brooklyn Avenue, Crayne, Pennsylvania, 1026",2015-04-25T06:19:34 -01:00
284,true,"$2,366.59",30,green,Valerie Martinez,female,DAYCORE,valeriemartinez@daycore.com,+1 (893) 474-2679,"836 Duryea Court, Shawmut, Vermont, 6258",2021-07-15T01:31:09 -01:00
285,false,"$1,533.29",28,green,Alston Griffin,male,ZOUNDS,alstongriffin@zounds.com,+1 (817) 538-2597,"270 Kimball Street, Snelling, Guam, 3777",2022-05-14T11:58:10 -01:00
286,true,"$2,836.95",20,green,Flores Moon,male,ZOLARITY,floresmoon@zolarity.com,+1 (818) 565-2518,"909 Will Place, Boykin, Mississippi, 4536",2016-09-03T06:15:16 -01:00
287,true,"$3,126.21",28,blue,Bradshaw Harvey,male,OBLIQ,bradshawharvey@obliq.com,+1 (907) 507-2116,"915 Scott Avenue, Siglerville, Colorado, 8357",2018-11-10T03:46:25 -00:00
288,false,"$3,538.29",33,blue,Aline Holder,female,TUBALUM,alineholder@tubalum.com,+1 (980) 427-2105,"724 Halleck Street, Magnolia, California, 3731",2019-10-19T12:01:43 -01:00
289,false,"$3,568.07",38,blue,Dennis Miles,male,BUGSALL,dennismiles@bugsall.com,+1 (801) 422-2951,"485 Estate Road, Snyderville, South Carolina, 7176",2015-04-25T06:16:46 -01:00
290,false,"$1,905.80",22,brown,Mcneil Bentley,male,JIMBIES,mcneilbentley@jimbies.com,+1 (825) 484-2489,"453 Bedell Lane, Malott, Washington, 4762",2015-11-23T12:24:53 -00:00
291,true,"$1,932.12",24,green,Hilda Pearson,female,FURNAFIX,hildapearson@furnafix.com,+1 (830) 499-2273,"327 Oak Street, Woodlands, Minnesota, 2470",2021-03-29T07:24:02 -01:00
292,false,"$2,571.54",34,blue,Roman Fisher,male,MICRONAUT,romanfisher@micronaut.com,+1 (915) 488-2108,"237 Mersereau Court, Belva, Kansas, 9654",2014-01-14T09:19:37 -00:00
293,false,"$3,095.72",27,brown,Valentine Robles,male,UNIWORLD,valentinerobles@uniworld.com,+1 (932) 572-3778,"819 Argyle Road, Leming, Wisconsin, 1788",2020-08-09T02:57:26 -01:00
294,false,"$1,554.75",20,blue,Candy Boone,female,ZAGGLE,candyboone@zaggle.com,+1 (981) 515-3679,"807 Dewitt Avenue, Alderpoint, Iowa, 6366",2021-07-17T11:31:44 -01:00
295,true,"$2,273.94",35,brown,Bernadette Cervantes,female,ELPRO,bernadettecervantes@elpro.com,+1 (854) 517-3476,"153 Forest Place, Gardners, New Mexico, 5571",2017-01-01T03:22:07 -00:00
296,true,"$3,362.55",29,blue,Kellie Galloway,female,SPEEDBOLT,kelliegalloway@speedbolt.com,+1 (836) 472-2652,"330 Seigel Court, Joppa, Ohio, 2457",2021-04-09T06:29:57 -01:00
297,false,"$2,511.64",33,green,Bertie Bonner,female,BESTO,bertiebonner@besto.com,+1 (922) 588-2487,"976 Cumberland Street, Westmoreland, Kentucky, 3727",2017-01-14T09:47:03 -00:00
298,false,"$2,250.83",31,green,Stephenson Burns,male,GENESYNK,stephensonburns@genesynk.com,+1 (876) 495-2813,"706 Crown Street, Ogema, New York, 6757",2021-12-21T05:07:04 -00:00
299,true,"$3,631.79",33,green,Wallace Hebert,male,KATAKANA,wallacehebert@katakana.com,+1 (866) 489-2760,"797 Indiana Place, Richford, Alabama, 9920",2016-11-22T09:30:26 -00:00
